70,-60,15
60,-60,5
70,-70,5
70,-50,15
60,-50,5
70,-40,15
60,-40,5
70,-30,5
70,60,15
60,60,5
70,50,5
70,70,15
60,70,5
70,80,15
60,80,5
70,90,5
80,-60,5
80,-50,5
80,-40,5
80,60,5
80,70,5
80,80,5
40,-60,5
30,-60,-5
40,-70,-5
40,-50,5
30,-50,-5
40,-40,5
30,-40,-5
40,-30,-5
40,60,5
30,60,-5
40,50,-5
40,70,5
30,70,-5
40,80,5
30,80,-5
40,90,-5
50,-60,5
50,-70,-5
50,-50,5
50,-40,5
50,-30,5
50,-20,-5
50,50,5
50,40,-5
50,60,5
50,70,5
50,80,5
50,90,-5
60,-70,-5
60,-30,5
60,-20,-5
60,40,5
60,30,-5
60,50,5
60,90,-5
70,-70,-5
70,-20,5
70,-10,-5
70,40,5
70,30,-5
70,90,-5
80,-70,-5
80,-30,-5
80,-20,-5
80,40,-5
80,50,-5
80,90,-5
90,-60,-5
90,-50,-5
90,-40,-5
90,60,-5
90,70,-5
90,80,-5
0,-70,-5
-10,-70,-15
0,-80,-15
0,-60,-15
0,90,-5
-10,90,-15
0,80,-15
0,100,-15
10,-70,-5
10,-80,-15
10,-60,-5
10,-50,-5
0,-50,-15
10,-40,-5
0,-40,-15
10,-30,-15
10,60,-5
0,60,-15
10,50,-15
10,70,-5
0,70,-15
10,80,-5
10,90,-5
10,100,-15
20,-70,-15
20,-60,-5
20,-50,-5
20,-40,-5
20,-30,-5
20,-20,-15
20,50,-5
20,40,-15
20,60,-5
20,70,-5
20,80,-5
20,90,-15
30,-70,-15
30,-30,-5
30,-20,-15
30,40,-5
30,30,-15
30,50,-5
30,90,-15
40,-70,-15
40,-20,-5
40,-10,-15
40,40,-5
40,30,-15
40,90,-15
50,-70,-15
50,-10,-15
50,30,-15
50,90,-15
60,-70,-15
60,-10,-5
60,0,-15
60,20,-15
60,90,-15
70,-70,-15
70,0,-15
70,20,-15
70,90,-15
80,-70,-15
80,-20,-15
80,-10,-15
80,30,-15
80,40,-15
80,90,-15
90,-60,-15
90,-50,-15
90,-40,-15
90,-30,-15
90,50,-15
90,60,-15
90,70,-15
90,80,-15
-20,-80,-15
-30,-80,-25
-20,-90,-25
-20,-70,-15
-30,-70,-25
-20,-60,-15
-30,-60,-25
-20,-50,-15
-30,-50,-25
-20,-40,-15
-30,-40,-25
-20,-30,-25
-20,60,-15
-30,60,-25
-20,50,-25
-20,70,-15
-30,70,-25
-20,80,-15
-30,80,-25
-20,90,-15
-30,90,-25
-20,100,-15
-30,100,-25
-20,110,-25
-10,-80,-25
-10,-60,-15
-10,-50,-15
-10,-40,-15
-10,-30,-15
-10,-20,-25
-10,50,-15
-10,40,-25
-10,60,-15
-10,70,-15
-10,80,-15
-10,100,-25
0,-80,-25
0,-30,-15
0,-20,-25
0,40,-15
0,30,-25
0,50,-15
0,100,-25
10,-80,-25
10,-20,-15
10,-10,-25
10,40,-15
10,30,-25
10,100,-25
20,-80,-25
20,-10,-25
20,30,-25
20,90,-25
30,-70,-25
30,-10,-15
30,0,-25
30,20,-25
30,90,-25
40,-70,-25
40,0,-25
40,20,-25
40,90,-25
50,-70,-25
50,0,-25
50,20,-25
50,90,-25
60,-70,-25
60,0,-25
60,20,-25
60,90,-25
70,-70,-25
70,10,-25
70,90,-25
80,-70,-25
80,-20,-25
80,-10,-25
80,0,-25
80,20,-25
80,30,-25
80,40,-25
80,90,-25
90,-60,-25
90,-50,-25
90,-40,-25
90,-30,-25
90,50,-25
90,60,-25
90,70,-25
90,80,-25
-60,-80,-25
-70,-80,-35
-60,-90,-35
-60,-70,-25
-70,-70,-35
-60,-60,-25
-70,-60,-35
-60,-50,-25
-70,-50,-35
-60,-40,-35
-60,70,-25
-70,70,-35
-60,60,-35
-60,80,-25
-70,80,-35
-60,90,-25
-70,90,-35
-60,100,-25
-70,100,-35
-60,110,-35
-50,-90,-25
-50,-100,-35
-50,-80,-25
-50,-70,-25
-50,-60,-25
-50,-50,-25
-50,-40,-25
-50,-30,-35
-50,60,-25
-50,50,-35
-50,70,-25
-50,80,-25
-50,90,-25
-50,100,-25
-50,110,-25
-50,120,-35
-40,-90,-25
-40,-100,-35
-40,-80,-25
-40,-70,-25
-40,-60,-25
-40,-50,-25
-40,-40,-25
-40,-30,-25
-40,-20,-35
-40,50,-25
-40,40,-35
-40,60,-25
-40,70,-25
-40,80,-25
-40,90,-25
-40,100,-25
-40,110,-25
-40,120,-35
-30,-90,-35
-30,-30,-25
-30,-20,-35
-30,40,-25
-30,30,-35
-30,50,-25
-30,110,-35
-20,-90,-35
-20,-20,-25
-20,-10,-35
-20,40,-25
-20,30,-35
-20,110,-35
-10,-90,-35
-10,-10,-35
-10,30,-35
-10,100,-35
0,-80,-35
0,-10,-25
0,0,-35
0,20,-35
0,100,-35
10,-80,-35
10,0,-35
10,20,-35
10,100,-35
20,-80,-35
20,0,-35
20,20,-35
20,100,-35
30,-70,-35
30,0,-35
30,20,-35
30,90,-35
40,-70,-35
40,10,-35
40,90,-35
50,-70,-35
50,10,-35
50,90,-35
60,-70,-35
60,10,-35
60,90,-35
70,-70,-35
70,10,-35
70,90,-35
80,-70,-35
80,-20,-35
80,-10,-35
80,0,-35
80,20,-35
80,30,-35
80,40,-35
80,90,-35
90,-70,-25
90,-80,-35
90,-50,-35
90,-40,-35
90,-30,-35
90,50,-35
90,60,-35
90,90,-35
100,-70,-35
100,-60,-35
100,70,-35
100,80,-35
-90,-100,-35
-100,-100,-45
-90,-110,-45
-90,-90,-35
-100,-90,-45
-90,-80,-35
-100,-80,-45
-90,-70,-35
-100,-70,-45
-90,-60,-35
-100,-60,-45
-90,-50,-35
-100,-50,-45
-90,-40,-45
-90,70,-35
-100,70,-45
-90,60,-45
-90,80,-35
-100,80,-45
-90,90,-35
-100,90,-45
-90,100,-35
-100,100,-45
-90,110,-35
-100,110,-45
-90,120,-45
-80,-110,-35
-80,-120,-45
-80,-100,-35
-80,-90,-35
-80,-80,-35
-80,-70,-35
-80,-60,-35
-80,-50,-35
-80,-40,-35
-80,-30,-45
-80,60,-35
-80,50,-45
-80,70,-35
-80,80,-35
-80,90,-35
-80,100,-35
-80,110,-35
-80,120,-35
-80,130,-35
-90,130,-45
-80,140,-45
-70,-110,-45
-70,-100,-35
-70,-90,-35
-70,-40,-35
-70,-30,-35
-70,-20,-45
-70,50,-35
-70,40,-45
-70,60,-35
-70,110,-35
-70,120,-35
-70,130,-45
-60,-100,-35
-60,-110,-45
-60,-30,-35
-60,-20,-45
-60,50,-35
-60,40,-45
-60,120,-35
-60,130,-45
-50,-100,-45
-50,-20,-35
-50,-10,-45
-50,40,-35
-50,30,-45
-50,120,-45
-40,-100,-45
-40,-10,-45
-40,30,-45
-40,120,-45
-30,-90,-45
-30,-10,-45
-30,20,-45
-30,110,-45
-20,-90,-45
-20,0,-45
-20,20,-45
-20,110,-45
-10,-90,-45
-10,0,-45
-10,20,-45
-10,110,-45
0,-80,-45
0,0,-45
0,20,-45
0,100,-45
10,-80,-45
10,10,-45
10,100,-45
20,-80,-45
20,10,-45
20,100,-45
30,-80,-45
30,10,-45
30,100,-45
40,-80,-45
40,10,-45
40,100,-45
50,-80,-45
50,100,-45
60,-80,-45
60,100,-45
70,-80,-45
70,100,-45
80,-80,-45
80,-20,-45
80,-10,-45
80,0,-45
80,10,-45
80,20,-45
80,30,-45
80,100,-45
90,-80,-45
90,-40,-45
90,-30,-45
90,40,-45
90,50,-45
90,60,-45
90,100,-45
100,-70,-45
100,-60,-45
100,-50,-45
100,70,-45
100,80,-45
100,90,-45
-130,-80,-45
-140,-80,-55
-130,-90,-55
-130,-70,-45
-140,-70,-55
-130,-60,-55
-130,90,-45
-140,90,-55
-130,80,-55
-130,100,-45
-140,100,-55
-130,110,-55
-120,-100,-45
-130,-100,-55
-120,-110,-55
-120,-90,-45
-120,-80,-45
-120,-70,-45
-120,-60,-45
-120,-50,-45
-130,-50,-55
-120,-40,-55
-120,70,-45
-130,70,-55
-120,60,-55
-120,80,-45
-120,90,-45
-120,100,-45
-120,110,-45
-120,120,-45
-130,120,-55
-120,130,-55
-110,-120,-45
-120,-120,-55
-110,-130,-55
-110,-110,-45
-110,-100,-45
-110,-90,-45
-110,-80,-45
-110,-70,-45
-110,-60,-45
-110,-50,-45
-110,-40,-45
-110,-30,-55
-110,60,-45
-110,50,-55
-110,70,-45
-110,80,-45
-110,90,-45
-110,100,-45
-110,110,-45
-110,120,-45
-110,130,-45
-110,140,-55
-100,-130,-45
-100,-140,-55
-100,-120,-45
-100,-110,-45
-100,-40,-45
-100,-30,-45
-100,-20,-55
-100,50,-45
-100,40,-55
-100,60,-45
-100,120,-45
-100,130,-45
-100,140,-45
-100,150,-55
-90,-130,-55
-90,-120,-45
-90,-30,-45
-90,-20,-55
-90,50,-45
-90,40,-55
-90,140,-45
-90,150,-55
-80,-120,-55
-80,-20,-45
-80,-10,-55
-80,40,-45
-80,30,-55
-80,140,-55
-70,-110,-55
-70,-10,-55
-70,30,-55
-70,130,-55
-60,-110,-55
-60,-10,-55
-60,30,-55
-60,130,-55
-50,-100,-55
-50,0,-55
-50,20,-55
-50,120,-55
-40,-100,-55
-40,0,-55
-40,20,-55
-40,120,-55
-30,-100,-55
-30,0,-55
-30,20,-55
-30,110,-55
-20,-90,-55
-20,10,-55
-20,110,-55
-10,-90,-55
-10,10,-55
-10,110,-55
0,-90,-55
0,10,-55
0,110,-55
10,-80,-55
10,10,-55
10,100,-55
20,-80,-55
20,100,-55
30,-80,-55
30,100,-55
40,-80,-55
40,100,-55
50,-80,-55
50,100,-55
60,-80,-55
60,100,-55
70,-80,-55
70,100,-55
80,-80,-55
80,-20,-55
80,-10,-55
80,0,-55
80,10,-55
80,20,-55
80,30,-55
80,40,-55
80,100,-55
90,-80,-55
90,-40,-55
90,-30,-55
90,50,-55
90,60,-55
90,100,-55
100,-70,-55
100,-60,-55
100,-50,-55
100,70,-55
100,80,-55
100,90,-55
-160,-80,-55
-170,-80,-65
-160,-90,-65
-160,-70,-55
-170,-70,-65
-160,-60,-65
-160,90,-55
-170,90,-65
-160,80,-65
-160,100,-55
-170,100,-65
-160,110,-65
-150,-100,-55
-160,-100,-65
-150,-110,-65
-150,-90,-55
-150,-80,-55
-150,-70,-55
-150,-60,-55
-150,-50,-55
-160,-50,-65
-150,-40,-65
-150,70,-55
-160,70,-65
-150,60,-65
-150,80,-55
-150,90,-55
-150,100,-55
-150,110,-55
-150,120,-55
-160,120,-65
-150,130,-65
-140,-120,-55
-150,-120,-65
-140,-130,-65
-140,-110,-55
-140,-100,-55
-140,-90,-55
-140,-60,-55
-140,-50,-55
-140,-40,-55
-140,-30,-65
-140,60,-55
-140,50,-65
-140,70,-55
-140,80,-55
-140,110,-55
-140,120,-55
-140,130,-55
-140,140,-65
-130,-130,-55
-130,-140,-65
-130,-120,-55
-130,-110,-55
-130,-40,-55
-130,-30,-55
-130,-20,-65
-130,50,-55
-130,40,-65
-130,60,-55
-130,130,-55
-130,140,-55
-130,150,-55
-140,150,-65
-130,160,-65
-120,-140,-55
-120,-150,-65
-120,-130,-55
-120,-30,-55
-120,-20,-65
-120,50,-55
-120,40,-65
-120,140,-55
-120,150,-55
-120,160,-55
-120,170,-65
-110,-140,-65
-110,-20,-55
-110,-10,-65
-110,40,-55
-110,30,-65
-110,150,-55
-110,160,-65
-100,-130,-65
-100,-10,-65
-100,30,-65
-100,150,-65
-90,-130,-65
-90,-10,-65
-90,30,-65
-90,150,-65
-80,-120,-65
-80,0,-65
-80,20,-65
-80,140,-65
-70,-110,-65
-70,0,-65
-70,20,-65
-70,130,-65
-60,-110,-65
-60,0,-65
-60,20,-65
-60,130,-65
-50,-100,-65
-50,10,-65
-50,120,-65
-40,-100,-65
-40,10,-65
-40,120,-65
-30,-100,-65
-30,10,-65
-30,120,-65
-20,-90,-65
-20,10,-65
-20,110,-65
-10,-90,-65
-10,110,-65
0,-90,-65
0,110,-65
10,-90,-65
10,110,-65
20,-90,-65
20,100,-65
30,-80,-65
30,100,-65
40,-80,-65
40,100,-65
50,-80,-65
50,100,-65
60,-80,-65
60,100,-65
70,-80,-65
70,100,-65
80,-80,-65
80,-20,-65
80,-10,-65
80,0,-65
80,10,-65
80,20,-65
80,30,-65
80,40,-65
80,100,-65
90,-80,-65
90,-40,-65
90,-30,-65
90,50,-65
90,60,-65
90,100,-65
100,-80,-65
100,-50,-65
100,70,-65
100,100,-65
110,-70,-65
110,-60,-65
110,80,-65
110,90,-65
-180,-100,-65
-190,-100,-75
-180,-110,-75
-180,-90,-65
-190,-90,-75
-180,-80,-65
-190,-80,-75
-180,-70,-65
-190,-70,-75
-180,-60,-65
-190,-60,-75
-180,-50,-65
-190,-50,-75
-180,-40,-75
-180,70,-65
-190,70,-75
-180,60,-75
-180,80,-65
-190,80,-75
-180,90,-65
-190,90,-75
-180,100,-65
-190,100,-75
-180,110,-65
-190,110,-75
-180,120,-65
-190,120,-75
-180,130,-75
-170,-120,-65
-180,-120,-75
-170,-130,-75
-170,-110,-65
-170,-100,-65
-170,-90,-65
-170,-60,-65
-170,-50,-65
-170,-40,-65
-170,-30,-75
-170,60,-65
-170,50,-75
-170,70,-65
-170,80,-65
-170,110,-65
-170,120,-65
-170,130,-65
-170,140,-75
-160,-130,-65
-160,-140,-75
-160,-120,-65
-160,-110,-65
-160,-40,-65
-160,-30,-75
-160,50,-65
-160,40,-75
-160,60,-65
-160,130,-65
-160,140,-65
-160,150,-65
-170,150,-75
-160,160,-75
-150,-140,-65
-150,-150,-75
-150,-130,-65
-150,-30,-65
-150,-20,-75
-150,50,-65
-150,40,-75
-150,140,-65
-150,150,-65
-150,160,-65
-150,170,-75
-140,-150,-65
-140,-160,-75
-140,-140,-65
-140,-20,-75
-140,40,-65
-140,30,-75
-140,160,-65
-140,170,-65
-140,180,-75
-130,-150,-65
-130,-160,-75
-130,-10,-75
-130,30,-75
-130,170,-65
-130,180,-75
-120,-150,-75
-120,-10,-75
-120,30,-75
-120,170,-75
-110,-140,-75
-110,-10,-75
-110,20,-75
-110,160,-75
-100,-140,-75
-100,0,-75
-100,20,-75
-100,150,-75
-90,-130,-75
-90,0,-75
-90,20,-75
-90,150,-75
-80,-120,-75
-80,0,-75
-80,20,-75
-80,140,-75
-70,-110,-75
-70,10,-75
-70,130,-75
-60,-110,-75
-60,10,-75
-60,130,-75
-50,-100,-75
-50,10,-75
-50,120,-75
-40,-100,-75
-40,10,-75
-40,120,-75
-30,-100,-75
-30,120,-75
-20,-100,-75
-20,120,-75
-10,-90,-75
-10,110,-75
0,-90,-75
0,110,-75
10,-90,-75
10,110,-75
20,-90,-75
20,110,-75
30,-90,-75
30,110,-75
40,-90,-75
40,110,-75
50,-90,-75
50,100,-75
60,-90,-75
60,100,-75
70,-90,-75
70,100,-75
80,-90,-75
80,-20,-75
80,-10,-75
80,0,-75
80,10,-75
80,20,-75
80,30,-75
80,40,-75
80,100,-75
90,-90,-75
90,-40,-75
90,-30,-75
90,50,-75
90,60,-75
90,100,-75
100,-90,-75
100,-50,-75
100,70,-75
100,100,-75
110,-80,-75
110,-70,-75
110,-60,-75
110,80,-75
110,90,-75
-210,-80,-75
-220,-80,-85
-210,-90,-85
-210,-70,-75
-220,-70,-85
-210,-60,-85
-210,90,-75
-220,90,-85
-210,80,-85
-210,100,-75
-220,100,-85
-210,110,-85
-200,-110,-75
-210,-110,-85
-200,-120,-85
-200,-100,-75
-210,-100,-85
-200,-90,-75
-200,-80,-75
-200,-70,-75
-200,-60,-75
-200,-50,-75
-210,-50,-85
-200,-40,-85
-200,70,-75
-210,70,-85
-200,60,-85
-200,80,-75
-200,90,-75
-200,100,-75
-200,110,-75
-200,120,-75
-210,120,-85
-200,130,-75
-210,130,-85
-200,140,-85
-190,-120,-75
-190,-130,-85
-190,-110,-75
-190,-40,-75
-190,-30,-85
-190,60,-75
-190,50,-85
-190,130,-75
-190,140,-75
-190,150,-85
-180,-140,-75
-190,-140,-85
-180,-150,-85
-180,-130,-75
-180,-30,-75
-180,-20,-85
-180,50,-75
-180,40,-85
-180,140,-75
-180,150,-75
-180,160,-85
-170,-150,-75
-170,-160,-85
-170,-140,-75
-170,-20,-85
-170,40,-85
-170,160,-75
-170,170,-85
-160,-160,-75
-160,-170,-85
-160,-150,-75
-160,-20,-75
-160,-10,-85
-160,30,-85
-160,170,-75
-160,180,-85
-150,-160,-75
-150,-170,-85
-150,-10,-85
-150,30,-85
-150,180,-75
-150,190,-85
-140,-170,-85
-140,-10,-85
-140,30,-85
-140,190,-85
-130,-160,-85
-130,0,-85
-130,20,-85
-130,180,-85
-120,-150,-85
-120,0,-85
-120,20,-85
-120,170,-85
-110,-140,-85
-110,0,-85
-110,20,-85
-110,160,-85
-100,-140,-85
-100,10,-85
-100,160,-85
-90,-130,-85
-90,10,-85
-90,150,-85
-80,-120,-85
-80,10,-85
-80,140,-85
-70,-110,-85
-70,10,-85
-70,130,-85
-60,-110,-85
-60,130,-85
-50,-110,-85
-50,130,-85
-40,-100,-85
-40,120,-85
-30,-100,-85
-30,120,-85
-20,-100,-85
-20,120,-85
-10,-100,-85
-10,120,-85
0,-90,-85
0,110,-85
10,-90,-85
10,110,-85
20,-90,-85
20,110,-85
30,-90,-85
30,110,-85
40,-90,-85
40,110,-85
50,-90,-85
50,110,-85
60,-90,-85
60,110,-85
70,-90,-85
70,110,-85
80,-90,-85
80,-20,-85
80,-10,-85
80,0,-85
80,10,-85
80,20,-85
80,30,-85
80,40,-85
80,110,-85
90,-90,-85
90,-40,-85
90,-30,-85
90,50,-85
90,60,-85
90,110,-85
100,-90,-85
100,-50,-85
100,70,-85
100,110,-85
110,-90,-85
110,-60,-85
110,80,-85
110,100,-85
120,-80,-85
120,-70,-85
120,90,-85
-230,-90,-85
-240,-90,-95
-230,-100,-95
-230,-80,-85
-240,-80,-95
-230,-70,-85
-240,-70,-95
-230,-60,-95
-230,80,-85
-240,80,-95
-230,70,-95
-230,90,-85
-240,90,-95
-230,100,-85
-240,100,-95
-230,110,-85
-240,110,-95
-230,120,-95
-220,-110,-85
-230,-110,-95
-220,-120,-95
-220,-100,-85
-220,-90,-85
-220,-60,-85
-220,-50,-85
-230,-50,-95
-220,-40,-95
-220,70,-85
-220,60,-95
-220,80,-85
-220,110,-85
-220,120,-85
-220,130,-85
-230,130,-95
-220,140,-95
-210,-130,-85
-220,-130,-95
-210,-140,-95
-210,-120,-85
-210,-40,-85
-210,-30,-95
-210,60,-85
-210,50,-95
-210,140,-85
-210,150,-85
-220,150,-95
-210,160,-95
-200,-140,-85
-200,-150,-95
-200,-130,-85
-200,-30,-85
-200,-20,-95
-200,50,-85
-200,40,-95
-200,150,-85
-200,160,-85
-200,170,-95
-190,-150,-85
-190,-160,-95
-190,-20,-95
-190,40,-95
-190,160,-85
-190,170,-85
-190,180,-95
-180,-160,-85
-180,-170,-95
-180,-10,-95
-180,30,-95
-180,170,-85
-180,180,-85
-180,190,-95
-170,-170,-85
-170,-180,-95
-170,-10,-95
-170,30,-95
-170,180,-85
-170,190,-85
-170,200,-95
-160,-180,-85
-160,-190,-95
-160,-10,-95
-160,30,-95
-160,190,-85
-160,200,-85
-160,210,-95
-150,-180,-95
-150,0,-95
-150,20,-95
-150,200,-95
-140,-170,-95
-140,0,-95
-140,20,-95
-140,190,-95
-130,-160,-95
-130,0,-95
-130,20,-95
-130,180,-95
-120,-150,-95
-120,10,-95
-120,170,-95
-110,-140,-95
-110,10,-95
-110,160,-95
-100,-140,-95
-100,10,-95
-100,160,-95
-90,-130,-95
-90,10,-95
-90,150,-95
-80,-120,-95
-80,140,-95
-70,-120,-95
-70,140,-95
-60,-110,-95
-60,130,-95
-50,-110,-95
-50,130,-95
-40,-100,-95
-40,120,-95
-30,-100,-95
-30,120,-95
-20,-100,-95
-20,120,-95
-10,-100,-95
-10,120,-95
0,-100,-95
0,120,-95
10,-100,-95
10,110,-95
20,-90,-95
20,110,-95
30,-90,-95
30,110,-95
40,-90,-95
40,110,-95
50,-90,-95
50,110,-95
60,-90,-95
60,110,-95
70,-90,-95
70,110,-95
80,-90,-95
80,-30,-95
80,-20,-95
80,-10,-95
80,0,-95
80,10,-95
80,20,-95
80,30,-95
80,40,-95
80,50,-95
80,110,-95
90,-90,-95
90,-40,-95
90,60,-95
90,110,-95
100,-90,-95
100,-60,-95
100,-50,-95
100,70,-95
100,80,-95
100,110,-95
110,-80,-95
110,-70,-95
110,90,-95
110,100,-95
-250,-90,-95
-260,-90,-105
-250,-100,-105
-250,-80,-95
-260,-80,-105
-250,-70,-95
-260,-70,-105
-250,-60,-105
-250,90,-95
-260,90,-105
-250,80,-105
-250,100,-95
-260,100,-105
-250,110,-95
-260,110,-105
-250,120,-105
-240,-120,-95
-250,-120,-105
-240,-130,-105
-240,-110,-95
-250,-110,-105
-240,-100,-95
-240,-60,-95
-240,-50,-95
-250,-50,-105
-240,-40,-105
-240,70,-95
-250,70,-105
-240,60,-105
-240,120,-95
-240,130,-95
-250,130,-105
-240,140,-105
-230,-130,-95
-230,-140,-105
-230,-120,-95
-230,-40,-95
-230,-30,-105
-230,60,-95
-230,50,-105
-230,140,-95
-230,150,-95
-240,150,-105
-230,160,-105
-220,-140,-95
-220,-150,-105
-220,-30,-95
-220,-20,-105
-220,50,-95
-220,40,-105
-220,160,-95
-220,170,-105
-210,-160,-95
-220,-160,-105
-210,-170,-105
-210,-150,-95
-210,-20,-105
-210,40,-105
-210,170,-95
-210,180,-105
-200,-170,-95
-200,-180,-105
-200,-160,-95
-200,-10,-105
-200,30,-105
-200,180,-95
-200,190,-105
-190,-180,-95
-190,-190,-105
-190,-170,-95
-190,-10,-105
-190,30,-105
-190,190,-95
-190,200,-105
-180,-180,-95
-180,-190,-105
-180,-10,-105
-180,20,-105
-180,200,-95
-180,210,-105
-170,-190,-95
-170,-200,-105
-170,0,-105
-170,20,-105
-170,210,-95
-170,220,-105
-160,-190,-105
-160,0,-105
-160,20,-105
-160,210,-105
-150,-180,-105
-150,0,-105
-150,10,-105
-150,200,-105
-140,-170,-105
-140,10,-105
-140,190,-105
-130,-160,-105
-130,10,-105
-130,180,-105
-120,-150,-105
-120,10,-105
-120,170,-105
-110,-140,-105
-110,160,-105
-100,-140,-105
-100,160,-105
-90,-130,-105
-90,150,-105
-80,-120,-105
-80,140,-105
-70,-120,-105
-70,140,-105
-60,-110,-105
-60,130,-105
-50,-110,-105
-50,130,-105
-40,-110,-105
-40,130,-105
-30,-100,-105
-30,120,-105
-20,-100,-105
-20,120,-105
-10,-100,-105
-10,120,-105
0,-100,-105
0,120,-105
10,-100,-105
10,120,-105
20,-100,-105
20,120,-105
30,-100,-105
30,110,-105
40,-90,-105
40,110,-105
50,-90,-105
50,110,-105
60,-90,-105
60,110,-105
70,-90,-105
70,110,-105
80,-90,-105
80,-30,-105
80,-20,-105
80,-10,-105
80,0,-105
80,10,-105
80,20,-105
80,30,-105
80,40,-105
80,50,-105
80,110,-105
90,-80,-105
90,-70,-105
90,-50,-105
90,-40,-105
90,60,-105
90,90,-105
90,100,-105
100,-80,-105
100,-70,-105
100,-60,-105
100,70,-105
100,80,-105
100,90,-105
100,100,-105
-270,-80,-105
-280,-80,-115
-270,-90,-115
-270,-70,-115
-270,100,-105
-280,100,-115
-270,90,-115
-270,110,-115
-260,-120,-105
-270,-120,-115
-260,-130,-115
-260,-110,-105
-270,-110,-115
-260,-100,-105
-270,-100,-115
-260,-60,-105
-270,-60,-115
-260,-50,-105
-270,-50,-115
-260,-40,-115
-260,70,-105
-270,70,-115
-260,60,-115
-260,80,-105
-270,80,-115
-260,120,-105
-270,120,-115
-260,130,-105
-270,130,-115
-260,140,-115
-250,-130,-105
-250,-140,-115
-250,-40,-105
-250,-30,-115
-250,60,-105
-250,50,-115
-250,140,-105
-250,150,-105
-260,150,-115
-250,160,-115
-240,-150,-105
-250,-150,-115
-240,-160,-115
-240,-140,-105
-240,-30,-105
-240,-20,-115
-240,50,-105
-240,40,-115
-240,160,-105
-240,170,-115
-230,-160,-105
-230,-170,-115
-230,-150,-105
-230,-20,-115
-230,40,-115
-230,170,-105
-230,180,-105
-240,180,-115
-230,190,-115
-220,-170,-105
-220,-180,-115
-220,-10,-115
-220,30,-115
-220,180,-105
-220,190,-105
-220,200,-115
-210,-180,-105
-210,-190,-115
-210,-10,-115
-210,30,-115
-210,190,-105
-210,200,-105
-210,210,-115
-200,-190,-105
-200,-200,-115
-200,-10,-115
-200,20,-115
-200,200,-105
-200,210,-105
-200,220,-115
-190,-200,-105
-190,-210,-115
-190,0,-115
-190,20,-115
-190,210,-105
-190,220,-115
-180,-200,-105
-180,-210,-115
-180,0,-115
-180,20,-115
-180,220,-105
-180,230,-115
-170,-200,-115
-170,0,-115
-170,10,-115
-170,220,-115
-160,-190,-115
-160,10,-115
-160,210,-115
-150,-180,-115
-150,10,-115
-150,200,-115
-140,-170,-115
-140,10,-115
-140,190,-115
-130,-160,-115
-130,180,-115
-120,-150,-115
-120,170,-115
-110,-150,-115
-110,160,-115
-100,-140,-115
-100,160,-115
-90,-130,-115
-90,150,-115
-80,-120,-115
-80,140,-115
-70,-120,-115
-70,140,-115
-60,-120,-115
-60,130,-115
-50,-110,-115
-50,130,-115
-40,-110,-115
-40,130,-115
-30,-110,-115
-30,130,-115
-20,-100,-115
-20,120,-115
-10,-100,-115
-10,120,-115
0,-100,-115
0,120,-115
10,-100,-115
10,120,-115
20,-100,-115
20,120,-115
30,-100,-115
30,120,-115
40,-100,-115
40,120,-115
50,-90,-115
50,110,-115
60,-90,-115
60,110,-115
70,-90,-115
70,110,-115
80,-80,-115
80,-70,-115
80,-30,-115
80,-20,-115
80,-10,-115
80,0,-115
80,10,-115
80,20,-115
80,30,-115
80,40,-115
80,50,-115
80,90,-115
80,100,-115
90,-60,-115
90,-50,-115
90,-40,-115
90,60,-115
90,70,-115
90,80,-115
-280,-110,-115
-290,-110,-125
-280,-120,-125
-280,-100,-115
-290,-100,-125
-280,-90,-115
-290,-90,-125
-290,-80,-125
-280,-70,-115
-290,-70,-125
-280,-60,-115
-290,-60,-125
-280,-50,-125
-280,80,-115
-290,80,-125
-280,70,-125
-280,90,-115
-290,90,-125
-290,100,-125
-280,110,-115
-290,110,-125
-280,120,-115
-290,120,-125
-280,130,-115
-290,130,-125
-280,140,-125
-270,-130,-115
-280,-130,-125
-270,-140,-125
-270,-40,-125
-270,60,-115
-280,60,-125
-270,50,-125
-270,140,-115
-270,150,-115
-280,150,-125
-270,160,-125
-260,-150,-115
-270,-150,-125
-260,-160,-125
-260,-140,-115
-260,-30,-115
-270,-30,-125
-260,-20,-125
-260,50,-115
-260,40,-125
-260,160,-115
-260,170,-125
-250,-160,-115
-250,-170,-125
-250,-20,-125
-250,40,-125
-250,170,-115
-250,180,-115
-260,180,-125
-250,190,-125
-240,-170,-115
-240,-180,-125
-240,-10,-125
-240,30,-125
-240,190,-115
-240,200,-125
-230,-180,-115
-230,-190,-125
-230,-10,-125
-230,30,-125
-230,200,-115
-230,210,-125
-220,-190,-115
-220,-200,-125
-220,-10,-125
-220,20,-125
-220,210,-115
-220,220,-125
-210,-200,-115
-210,-210,-125
-210,0,-125
-210,20,-125
-210,220,-115
-210,230,-125
-200,-210,-115
-200,-220,-125
-200,0,-125
-200,20,-125
-200,230,-125
-190,-220,-125
-190,0,-125
-190,10,-125
-190,230,-115
-190,240,-125
-180,-210,-125
-180,10,-125
-180,230,-125
-170,-200,-125
-170,10,-125
-170,220,-125
-160,-190,-125
-160,10,-125
-160,210,-125
-150,-180,-125
-150,200,-125
-140,-170,-125
-140,190,-125
-130,-160,-125
-130,180,-125
-120,-150,-125
-120,170,-125
-110,-150,-125
-110,170,-125
-100,-140,-125
-100,160,-125
-90,-130,-125
-90,150,-125
-80,-130,-125
-80,150,-125
-70,-120,-125
-70,140,-125
-60,-120,-125
-60,140,-125
-50,-110,-125
-50,130,-125
-40,-110,-125
-40,130,-125
-30,-110,-125
-30,130,-125
-20,-110,-125
-20,120,-125
-10,-100,-125
-10,120,-125
0,-100,-125
0,120,-125
10,-100,-125
10,120,-125
20,-100,-125
20,120,-125
30,-100,-125
30,120,-125
40,-100,-125
40,120,-125
50,-90,-125
50,110,-125
60,-80,-125
60,-70,-125
60,90,-125
60,100,-125
70,-80,-125
70,-70,-125
70,90,-125
70,100,-125
80,-60,-125
80,-30,-125
80,-20,-125
80,-10,-125
80,0,-125
80,10,-125
80,20,-125
80,30,-125
80,40,-125
80,50,-125
80,80,-125
90,-50,-125
90,-40,-125
90,60,-125
90,70,-125
-290,-120,-125
-300,-120,-135
-290,-130,-135
-300,-110,-135
-300,-100,-135
-300,-90,-135
-300,-80,-135
-300,-70,-135
-300,-60,-135
-290,-50,-135
-300,80,-135
-290,70,-135
-300,90,-135
-300,100,-135
-300,110,-135
-300,120,-135
-300,130,-135
-290,140,-125
-300,140,-135
-290,150,-135
-280,-140,-125
-290,-140,-135
-280,-150,-135
-280,-40,-125
-290,-40,-135
-280,-30,-135
-290,60,-135
-280,50,-135
-280,160,-125
-290,160,-135
-280,170,-135
-270,-160,-125
-280,-160,-135
-270,-170,-135
-270,-20,-135
-270,40,-135
-270,170,-125
-270,180,-125
-280,180,-135
-270,190,-135
-260,-170,-125
-260,-180,-135
-260,-10,-135
-260,30,-135
-260,190,-125
-260,200,-135
-250,-180,-125
-250,-190,-135
-250,-10,-135
-250,30,-135
-250,200,-125
-250,210,-135
-240,-190,-125
-240,-200,-135
-240,-10,-135
-240,30,-135
-240,210,-125
-240,220,-135
-230,-200,-125
-230,-210,-135
-230,0,-135
-230,20,-135
-230,220,-125
-230,230,-135
-220,-210,-125
-220,-220,-135
-220,0,-135
-220,20,-135
-220,230,-125
-220,240,-135
-210,-220,-125
-210,-230,-135
-210,0,-135
-210,10,-135
-210,240,-135
-200,-230,-135
-200,10,-135
-200,240,-125
-200,250,-135
-190,-220,-135
-190,10,-135
-190,240,-135
-180,-210,-135
-180,10,-135
-180,230,-135
-170,-200,-135
-170,220,-135
-160,-190,-135
-160,210,-135
-150,-180,-135
-150,200,-135
-140,-170,-135
-140,190,-135
-130,-160,-135
-130,180,-135
-120,-150,-135
-120,170,-135
-110,-150,-135
-110,170,-135
-100,-140,-135
-100,160,-135
-90,-130,-135
-90,150,-135
-80,-130,-135
-80,150,-135
-70,-120,-135
-70,140,-135
-60,-120,-135
-60,140,-135
-50,-110,-135
-50,130,-135
-40,-110,-135
-40,130,-135
-30,-110,-135
-30,130,-135
-20,-110,-135
-20,130,-135
-10,-110,-135
-10,120,-135
0,-100,-135
0,120,-135
10,-100,-135
10,120,-135
20,-100,-135
20,120,-135
30,-100,-135
30,120,-135
40,-90,-135
40,-80,-135
40,-70,-135
40,90,-135
40,100,-135
40,110,-135
50,-80,-135
50,-70,-135
50,90,-135
50,100,-135
60,-60,-135
60,80,-135
70,-60,-135
70,80,-135
80,-50,-135
80,-30,-135
80,-20,-135
80,-10,-135
80,0,-135
80,10,-135
80,20,-135
80,30,-135
80,40,-135
80,50,-135
80,70,-135
90,-40,-135
90,60,-135
-310,-100,-135
-320,-100,-145
-310,-110,-145
-310,-90,-135
-320,-90,-145
-310,-80,-135
-320,-80,-145
-310,-70,-145
-310,100,-135
-320,100,-145
-310,90,-145
-310,110,-135
-320,110,-145
-310,120,-135
-320,120,-145
-310,130,-145
-300,-130,-135
-310,-130,-145
-300,-140,-145
-310,-120,-145
-310,-60,-145
-300,-50,-135
-310,-50,-145
-300,-40,-145
-300,70,-135
-310,70,-145
-300,60,-145
-310,80,-145
-310,140,-145
-300,150,-135
-310,150,-145
-300,160,-145
-290,-150,-135
-300,-150,-145
-290,-160,-145
-290,-30,-145
-290,50,-145
-290,170,-135
-300,170,-145
-290,180,-145
-280,-170,-135
-290,-170,-145
-280,-180,-145
-280,-20,-145
-280,40,-145
-280,190,-145
-270,-180,-135
-270,-190,-145
-270,-10,-145
-270,30,-145
-270,200,-135
-280,200,-145
-270,210,-145
-260,-190,-135
-260,-200,-145
-260,-10,-145
-260,30,-145
-260,210,-135
-260,220,-145
-250,-200,-135
-250,-210,-145
-250,0,-145
-250,20,-145
-250,220,-135
-250,230,-145
-240,-210,-135
-240,-220,-145
-240,0,-145
-240,20,-145
-240,230,-135
-240,240,-145
-230,-220,-135
-230,-230,-145
-230,0,-145
-230,20,-145
-230,240,-145
-220,-230,-145
-220,10,-145
-220,250,-145
-210,-240,-145
-210,10,-145
-210,250,-135
-210,260,-145
-200,-230,-145
-200,10,-145
-200,250,-145
-190,-220,-145
-190,240,-145
-180,-210,-145
-180,230,-145
-170,-200,-145
-170,220,-145
-160,-190,-145
-160,210,-145
-150,-180,-145
-150,200,-145
-140,-170,-145
-140,190,-145
-130,-160,-145
-130,180,-145
-120,-160,-145
-120,170,-145
-110,-150,-145
-110,170,-145
-100,-140,-145
-100,160,-145
-90,-130,-145
-90,150,-145
-80,-130,-145
-80,150,-145
-70,-120,-145
-70,140,-145
-60,-120,-145
-60,140,-145
-50,-120,-145
-50,130,-145
-40,-110,-145
-40,130,-145
-30,-110,-145
-30,130,-145
-20,-110,-145
-20,130,-145
-10,-110,-145
-10,120,-145
0,-100,-145
0,120,-145
10,-100,-145
10,-80,-145
10,100,-145
10,120,-145
20,-90,-145
20,-80,-145
20,-70,-145
20,90,-145
20,100,-145
20,110,-145
30,-90,-145
30,-80,-145
30,-70,-145
30,90,-145
30,100,-145
30,110,-145
40,-70,-145
40,90,-145
50,-60,-145
50,80,-145
60,-60,-145
60,80,-145
70,-50,-145
70,70,-145
80,-40,-145
80,-30,-145
80,-20,-145
80,-10,-145
80,0,-145
80,10,-145
80,20,-145
80,30,-145
80,40,-145
80,50,-145
80,60,-145
-320,-110,-145
-330,-110,-155
-320,-120,-155
-330,-100,-155
-330,-90,-155
-330,-80,-155
-320,-70,-155
-330,100,-155
-320,90,-155
-330,110,-155
-330,120,-155
-320,130,-155
-310,-140,-145
-320,-140,-155
-310,-150,-155
-320,-130,-155
-320,-60,-155
-320,-50,-155
-310,-40,-155
-320,70,-155
-310,60,-155
-320,80,-155
-320,140,-155
-320,150,-155
-310,160,-145
-320,160,-155
-310,170,-155
-300,-160,-145
-310,-160,-155
-300,-170,-155
-300,-40,-155
-300,60,-155
-300,180,-145
-310,180,-155
-300,190,-155
-290,-180,-155
-290,-30,-155
-290,50,-155
-290,190,-145
-290,200,-155
-280,-190,-145
-290,-190,-155
-280,-200,-155
-290,-20,-155
-280,-10,-155
-290,40,-155
-280,30,-155
-280,50,-155
-280,210,-155
-270,-200,-145
-270,-210,-155
-270,-10,-155
-270,20,-155
-270,220,-155
-260,-210,-145
-260,-220,-155
-260,0,-155
-260,20,-155
-260,230,-155
-250,-220,-155
-250,0,-155
-250,20,-155
-250,240,-155
-240,-230,-155
-240,10,-155
-240,250,-155
-230,-240,-155
-230,10,-155
-230,250,-145
-230,260,-155
-220,-240,-145
-220,-250,-155
-220,10,-155
-220,260,-145
-220,270,-155
-210,-240,-155
-210,260,-155
-200,-230,-155
-200,250,-155
-190,-220,-155
-190,240,-155
-180,-210,-155
-180,230,-155
-170,-200,-155
-170,220,-155
-160,-190,-155
-160,210,-155
-150,-180,-155
-150,200,-155
-140,-170,-155
-140,190,-155
-130,-160,-155
-130,180,-155
-120,-160,-155
-120,180,-155
-110,-150,-155
-110,170,-155
-100,-140,-155
-100,160,-155
-90,-140,-155
-90,150,-155
-80,-130,-155
-80,150,-155
-70,-130,-155
-70,140,-155
-60,-120,-155
-60,140,-155
-50,-120,-155
-50,140,-155
-40,-110,-155
-40,130,-155
-30,-110,-155
-30,130,-155
-20,-110,-155
-20,130,-155
-10,-110,-155
-10,100,-155
-10,120,-155
0,-100,-155
0,-90,-155
0,-80,-155
0,100,-155
0,110,-155
10,-90,-155
10,-70,-155
10,90,-155
10,110,-155
20,-70,-155
20,90,-155
30,-60,-155
30,80,-155
40,-60,-155
40,10,-155
40,80,-155
50,-60,-155
50,10,-155
50,80,-155
60,-50,-155
60,10,-155
60,70,-155
70,-40,-155
70,10,-155
70,60,-155
80,-40,-155
80,10,-155
80,60,-155
90,-30,-155
90,-20,-145
90,-10,-145
90,0,-145
90,10,-155
90,20,-145
90,30,-145
90,40,-145
90,50,-155
100,-20,-155
100,-10,-155
100,0,-155
100,20,-155
100,30,-155
100,40,-155
-330,-140,-165
-320,-150,-165
-330,-130,-165
-330,-120,-165
-330,-110,-165
-330,-100,-165
-330,-90,-165
-330,-80,-165
-330,-70,-165
-330,-60,-165
-320,-50,-165
-330,80,-165
-320,70,-165
-330,90,-165
-330,100,-165
-330,110,-165
-330,120,-165
-330,130,-165
-330,140,-165
-330,150,-165
-330,160,-165
-320,170,-165
-320,-160,-165
-310,-170,-165
-310,-50,-165
-310,70,-165
-320,180,-165
-310,190,-165
-300,-180,-155
-310,-180,-165
-300,-190,-165
-300,-50,-165
-300,70,-165
-300,200,-155
-310,200,-165
-300,210,-165
-290,-200,-165
-290,-40,-165
-290,60,-165
-290,210,-155
-290,220,-165
-280,-210,-165
-280,-40,-165
-280,-30,-165
-280,-20,-165
-280,40,-165
-280,60,-165
-280,220,-155
-280,230,-165
-270,-220,-165
-270,-10,-165
-270,30,-165
-280,50,-165
-270,230,-155
-270,240,-165
-260,-230,-165
-260,0,-165
-270,20,-165
-260,10,-165
-260,240,-155
-260,250,-165
-250,-230,-155
-250,-240,-165
-250,10,-165
-250,250,-155
-250,260,-165
-240,-240,-165
-240,10,-165
-240,260,-165
-230,-250,-165
-230,10,-165
-230,270,-165
-220,-250,-165
-220,270,-165
-210,-240,-165
-210,260,-165
-200,-230,-165
-200,250,-165
-190,-220,-165
-190,240,-165
-180,-210,-165
-180,230,-165
-170,-200,-165
-170,220,-165
-160,-190,-165
-160,210,-165
-150,-180,-165
-150,200,-165
-140,-170,-165
-140,190,-165
-130,-160,-165
-130,180,-165
-120,-160,-165
-120,170,-165
-110,-150,-165
-110,170,-165
-100,-140,-165
-100,160,-165
-90,-140,-165
-90,160,-165
-80,-130,-165
-80,150,-165
-70,-130,-165
-70,140,-165
-60,-120,-165
-60,140,-165
-50,-120,-165
-50,140,-165
-40,-110,-165
-40,130,-165
-30,-110,-165
-30,-90,-165
-30,110,-165
-30,130,-165
-20,-100,-165
-20,-90,-165
-20,-80,-165
-20,100,-165
-20,110,-165
-20,120,-165
-10,-100,-165
-10,-90,-165
-10,-80,-165
-10,-70,-165
-10,90,-165
-10,110,-165
0,-70,-165
0,90,-165
10,-70,-165
10,90,-165
20,-60,-165
20,10,-165
20,80,-165
30,-60,-165
30,10,-165
30,80,-165
40,-50,-165
40,10,-165
40,70,-165
50,-50,-165
50,10,-165
50,70,-165
60,-40,-165
60,0,-165
60,20,-165
60,60,-165
70,-40,-165
70,0,-165
70,20,-165
70,50,-165
80,-30,-165
80,-20,-165
80,-10,-165
80,0,-165
80,20,-165
80,30,-165
80,40,-165
80,50,-165
90,-20,-165
90,-10,-165
90,0,-165
90,20,-165
90,30,-165
90,40,-165
-340,-130,-175
-330,-140,-175
-340,-120,-175
-340,-110,-175
-340,-100,-175
-340,-90,-175
-340,-80,-175
-340,-70,-175
-330,-60,-175
-340,90,-175
-330,80,-175
-340,100,-175
-340,110,-175
-340,120,-175
-340,130,-175
-340,140,-175
-340,150,-175
-330,160,-175
-330,-160,-175
-320,-170,-175
-330,-150,-175
-320,-60,-175
-320,80,-175
-330,170,-175
-330,180,-175
-320,190,-175
-320,-180,-175
-310,-190,-175
-310,-60,-175
-310,80,-175
-320,200,-175
-310,210,-175
-300,-200,-175
-300,-50,-175
-300,70,-175
-300,220,-175
-290,-210,-175
-290,-50,-175
-290,70,-175
-290,230,-175
-280,-220,-175
-280,-50,-175
-280,70,-175
-280,240,-175
-270,-230,-175
-270,-50,-175
-270,-40,-175
-270,-30,-175
-270,-20,-175
-270,40,-175
-270,50,-175
-270,60,-175
-270,70,-175
-270,250,-175
-260,-240,-175
-260,-20,-175
-260,-10,-175
-260,20,-175
-260,30,-175
-260,40,-175
-260,260,-175
-250,-250,-175
-250,0,-175
-250,20,-175
-250,270,-175
-240,-250,-175
-240,0,-175
-240,20,-175
-240,270,-175
-230,-260,-175
-230,0,-175
-230,20,-175
-230,280,-175
-220,-250,-175
-230,10,-175
-220,270,-175
-210,-240,-175
-210,260,-175
-200,-230,-175
-200,250,-175
-190,-220,-175
-190,240,-175
-180,-210,-175
-180,230,-175
-170,-200,-175
-170,220,-175
-160,-190,-175
-160,210,-175
-150,-180,-175
-150,200,-175
-140,-170,-175
-140,190,-175
-130,-160,-175
-130,180,-175
-120,-160,-175
-120,180,-175
-110,-150,-175
-110,170,-175
-100,-140,-175
-100,160,-175
-90,-140,-175
-90,160,-175
-80,-130,-175
-80,150,-175
-70,-130,-175
-70,150,-175
-60,-120,-175
-60,140,-175
-50,-120,-175
-50,-90,-175
-50,110,-175
-50,140,-175
-40,-110,-175
-40,-100,-175
-40,-90,-175
-40,-80,-175
-40,100,-175
-40,110,-175
-40,120,-175
-40,130,-175
-30,-100,-175
-30,-80,-175
-30,100,-175
-30,120,-175
-20,-70,-175
-20,90,-175
-10,-70,-175
-10,90,-175
0,-70,-175
0,90,-175
10,-60,-175
10,10,-175
10,80,-175
20,-60,-175
20,10,-175
20,70,-175
30,-50,-175
30,10,-175
30,70,-175
40,-50,-175
40,0,-175
40,20,-175
40,60,-175
50,-40,-175
50,0,-175
50,20,-175
50,60,-175
60,-30,-175
60,-10,-175
60,30,-175
60,50,-175
70,-30,-175
70,-20,-175
70,-10,-175
70,30,-175
70,40,-175
-340,-150,-185
-330,-160,-185
-340,-140,-185
-340,-130,-185
-340,-120,-185
-330,-110,-185
-330,-100,-185
-330,-90,-185
-330,-80,-185
-330,-70,-185
-330,90,-185
-330,100,-185
-330,110,-185
-330,120,-185
-330,130,-185
-340,140,-185
-340,150,-185
-340,160,-185
-340,170,-185
-330,180,-185
-330,-180,-185
-320,-190,-185
-330,-170,-185
-320,-90,-185
-320,-80,-185
-320,-70,-185
-320,90,-185
-320,100,-185
-320,110,-185
-330,190,-185
-320,200,-185
-310,-200,-185
-310,-60,-185
-310,80,-185
-320,210,-185
-310,220,-185
-300,-210,-185
-300,-60,-185
-300,80,-185
-300,230,-185
-290,-220,-185
-290,-60,-185
-290,80,-185
-290,240,-185
-280,-230,-185
-280,-60,-185
-280,80,-185
-280,250,-185
-270,-240,-185
-270,-60,-185
-270,80,-185
-270,260,-185
-260,-250,-185
-260,-60,-185
-260,-50,-185
-260,-40,-185
-260,-30,-185
-260,50,-185
-260,60,-185
-260,70,-185
-260,80,-185
-260,270,-185
-250,-260,-185
-250,-40,-185
-250,-30,-185
-250,-20,-185
-250,-10,-185
-250,30,-185
-250,40,-185
-250,50,-185
-250,60,-185
-250,280,-185
-240,-260,-185
-240,-30,-185
-240,-20,-185
-240,-10,-185
-240,30,-185
-240,40,-185
-240,50,-185
-240,280,-185
-230,-260,-185
-230,-30,-185
-230,-20,-185
-230,-10,-185
-230,30,-185
-230,40,-185
-230,50,-185
-230,280,-185
-220,-250,-185
-220,-30,-185
-220,-20,-185
-220,-10,-185
-220,0,-185
-220,10,-185
-220,20,-185
-220,30,-185
-220,40,-185
-220,50,-185
-220,270,-185
-210,-240,-185
-210,-30,-185
-210,-20,-185
-210,-10,-185
-210,0,-185
-210,10,-185
-210,20,-185
-210,30,-185
-210,40,-185
-210,50,-185
-210,260,-185
-200,-230,-185
-200,-30,-185
-200,-20,-185
-200,-10,-185
-200,0,-185
-200,10,-185
-200,20,-185
-200,30,-185
-200,40,-185
-200,50,-185
-200,250,-185
-190,-220,-185
-190,-20,-185
-190,-10,-185
-190,0,-185
-190,10,-185
-190,20,-185
-190,30,-185
-190,40,-185
-190,240,-185
-180,-210,-185
-180,-20,-185
-180,-10,-185
-180,0,-185
-180,10,-185
-180,20,-185
-180,30,-185
-180,40,-185
-180,230,-185
-170,-200,-185
-170,-10,-185
-170,0,-185
-170,10,-185
-170,20,-185
-170,30,-185
-170,220,-185
-160,-190,-185
-160,210,-185
-150,-180,-185
-150,200,-185
-140,-170,-185
-140,190,-185
-130,-160,-185
-130,180,-185
-120,-160,-185
-120,180,-185
-110,-150,-185
-110,170,-185
-100,-140,-185
-100,160,-185
-90,-140,-185
-90,160,-185
-80,-130,-185
-80,150,-185
-70,-130,-185
-70,140,-185
-60,-120,-185
-60,-110,-185
-60,-100,-185
-60,-90,-185
-60,-80,-185
-60,100,-185
-60,110,-185
-60,120,-185
-60,140,-185
-50,-110,-185
-50,-100,-185
-50,-80,-185
-50,100,-185
-50,120,-185
-50,130,-185
-40,-80,-185
-40,90,-185
-30,-70,-185
-30,90,-185
-20,-70,-185
-20,90,-185
-10,-60,-185
-10,10,-185
-10,80,-185
0,-60,-185
0,10,-185
0,80,-185
10,-50,-185
10,10,-185
10,70,-185
20,-50,-185
20,0,-185
20,20,-185
20,70,-185
30,-40,-185
30,0,-185
30,20,-185
30,60,-185
40,-40,-185
40,-30,-185
40,0,-185
40,20,-185
40,50,-185
50,-30,-185
50,-20,-185
50,-10,-185
50,30,-185
50,40,-185
50,50,-185
60,-20,-185
60,40,-185
-340,-160,-195
-330,-170,-195
-340,-150,-195
-330,-140,-195
-330,-130,-195
-330,-120,-195
-330,140,-195
-330,150,-195
-330,160,-195
-340,170,-195
-340,180,-195
-330,190,-195
-330,-190,-195
-320,-200,-195
-330,-180,-195
-320,-130,-195
-320,-120,-195
-320,-110,-195
-320,-100,-195
-320,120,-195
-320,130,-195
-320,140,-195
-320,150,-195
-330,200,-195
-330,210,-195
-320,220,-195
-310,-210,-195
-310,-120,-195
-310,-110,-195
-310,-100,-195
-310,-90,-195
-310,-80,-195
-310,-70,-195
-310,90,-195
-310,100,-195
-310,110,-195
-310,120,-195
-310,130,-195
-310,230,-195
-300,-220,-195
-300,-100,-195
-300,-90,-195
-300,-80,-195
-300,-70,-195
-300,90,-195
-300,100,-195
-300,110,-195
-300,120,-195
-300,240,-195
-290,-230,-195
-290,-70,-195
-290,90,-195
-290,250,-195
-280,-240,-195
-280,-70,-195
-280,90,-195
-280,260,-195
-270,-250,-195
-270,-70,-195
-270,90,-195
-270,270,-195
-260,-260,-195
-260,-70,-195
-260,90,-195
-260,280,-195
-250,-260,-195
-250,-70,-195
-250,-60,-195
-250,-50,-195
-250,70,-195
-250,80,-195
-250,90,-195
-250,280,-195
-240,-270,-195
-240,-70,-195
-240,-60,-195
-240,-50,-195
-240,-40,-195
-240,60,-195
-240,70,-195
-240,80,-195
-240,90,-195
-240,290,-195
-230,-260,-195
-230,-50,-195
-230,-40,-195
-230,60,-195
-230,70,-195
-230,280,-195
-220,-250,-195
-220,-50,-195
-220,-40,-195
-220,60,-195
-220,70,-195
-220,270,-195
-210,-240,-195
-210,-50,-195
-210,-40,-195
-210,60,-195
-210,70,-195
-210,260,-195
-200,-230,-195
-200,-50,-195
-200,-40,-195
-200,60,-195
-200,70,-195
-200,250,-195
-190,-220,-195
-190,-50,-195
-190,-40,-195
-190,-30,-195
-190,50,-195
-190,60,-195
-190,70,-195
-190,240,-195
-180,-210,-195
-180,-50,-195
-180,-40,-195
-180,-30,-195
-180,50,-195
-180,60,-195
-180,70,-195
-180,230,-195
-170,-200,-195
-170,-40,-195
-170,-30,-195
-170,-20,-195
-170,40,-195
-170,50,-195
-170,60,-195
-170,220,-195
-160,-190,-195
-160,-40,-195
-160,-30,-195
-160,-20,-195
-160,-10,-195
-160,0,-195
-160,10,-195
-160,20,-195
-160,30,-195
-160,40,-195
-160,50,-195
-160,60,-195
-160,210,-195
-150,-180,-195
-150,-30,-195
-150,-20,-195
-150,-10,-195
-150,0,-195
-150,10,-195
-150,20,-195
-150,30,-195
-150,40,-195
-150,50,-195
-150,200,-195
-140,-170,-195
-140,190,-195
-130,-170,-195
-130,180,-195
-120,-160,-195
-120,180,-195
-110,-150,-195
-110,170,-195
-100,-140,-195
-100,160,-195
-90,-140,-195
-90,160,-195
-80,-130,-195
-80,-110,-195
-80,-100,-195
-80,-90,-195
-80,110,-195
-80,120,-195
-80,130,-195
-80,150,-195
-70,-120,-195
-70,-110,-195
-70,-100,-195
-70,-90,-195
-70,-80,-195
-70,100,-195
-70,110,-195
-70,120,-195
-70,130,-195
-70,140,-195
-60,-80,-195
-60,100,-195
-60,130,-195
-50,-70,-195
-50,90,-195
-40,-70,-195
-40,90,-195
-30,-60,-195
-30,80,-195
-20,-60,-195
-20,10,-195
-20,80,-195
-10,-50,-195
-10,10,-195
-10,70,-195
0,-50,-195
0,0,-195
0,20,-195
0,70,-195
10,-40,-195
10,0,-195
10,20,-195
10,60,-195
20,-40,-195
20,-30,-195
20,0,-195
20,20,-195
20,50,-195
20,60,-195
30,-30,-195
30,-20,-195
30,-10,-195
30,30,-195
30,40,-195
30,50,-195
40,-20,-195
40,-10,-195
40,30,-195
40,40,-195
-340,-170,-205
-330,-180,-205
-340,-160,-205
-330,-150,-205
-330,170,-205
-340,180,-205
-340,190,-205
-330,200,-205
-330,-200,-205
-320,-210,-205
-330,-190,-205
-320,-140,-205
-320,160,-205
-330,210,-205
-330,220,-205
-320,230,-205
-310,-220,-205
-310,-140,-205
-310,-130,-205
-310,140,-205
-310,150,-205
-310,160,-205
-310,240,-205
-300,-230,-205
-300,-130,-205
-300,-120,-205
-300,-110,-205
-300,130,-205
-300,140,-205
-300,150,-205
-300,250,-205
-290,-240,-205
-290,-120,-205
-290,-110,-205
-290,-100,-205
-290,-90,-205
-290,-80,-205
-290,100,-205
-290,110,-205
-290,120,-205
-290,130,-205
-290,140,-205
-290,260,-205
-280,-250,-205
-280,-110,-205
-280,-100,-205
-280,-90,-205
-280,-80,-205
-280,100,-205
-280,110,-205
-280,120,-205
-280,130,-205
-280,270,-205
-270,-260,-205
-270,-80,-205
-270,100,-205
-270,280,-205
-260,-260,-205
-260,-80,-205
-260,100,-205
-260,280,-205
-250,-270,-205
-250,-80,-205
-250,100,-205
-250,290,-205
-240,-270,-205
-240,-80,-205
-240,100,-205
-240,290,-205
-230,-260,-205
-230,-80,-205
-230,-70,-205
-230,-60,-205
-230,80,-205
-230,90,-205
-230,100,-205
-230,280,-205
-220,-250,-205
-220,-60,-205
-220,80,-205
-220,270,-205
-210,-240,-205
-210,-60,-205
-210,80,-205
-210,250,-205
-210,260,-205
-200,-230,-205
-200,-60,-205
-200,80,-205
-200,250,-205
-190,-220,-205
-190,-60,-205
-190,80,-205
-190,240,-205
-180,-210,-205
-180,-60,-205
-180,80,-205
-180,230,-205
-170,-200,-205
-170,-60,-205
-170,-50,-205
-170,70,-205
-170,80,-205
-170,210,-205
-170,220,-205
-160,-190,-205
-160,-60,-205
-160,-50,-205
-160,70,-205
-160,80,-205
-160,210,-205
-150,-180,-205
-150,-60,-205
-150,-50,-205
-150,-40,-205
-150,60,-205
-150,70,-205
-150,80,-205
-150,200,-205
-140,-170,-205
-140,-50,-205
-150,-30,-205
-150,-20,-205
-150,-10,-205
-150,0,-205
-150,10,-205
-150,20,-205
-150,30,-205
-150,40,-205
-150,50,-205
-140,70,-205
-140,190,-205
-130,-170,-205
-130,180,-205
-120,-160,-205
-120,180,-205
-110,-150,-205
-110,170,-205
-100,-140,-205
-100,-110,-205
-100,-100,-205
-100,-90,-205
-100,110,-205
-100,120,-205
-100,130,-205
-100,160,-205
-90,-140,-205
-90,-120,-205
-90,-110,-205
-90,-100,-205
-90,-90,-205
-90,-80,-205
-90,100,-205
-90,110,-205
-90,120,-205
-90,130,-205
-90,140,-205
-90,160,-205
-80,-130,-205
-80,-120,-205
-80,-80,-205
-80,100,-205
-80,140,-205
-80,150,-205
-70,-80,-205
-70,90,-205
-60,-70,-205
-60,90,-205
-50,-70,-205
-50,90,-205
-40,-60,-205
-40,10,-205
-40,80,-205
-30,-50,-205
-30,10,-205
-30,70,-205
-20,-50,-205
-20,0,-205
-20,20,-205
-20,70,-205
-10,-40,-205
-10,0,-205
-10,20,-205
-10,60,-205
0,-40,-205
0,-10,-205
0,20,-205
0,60,-205
10,-30,-205
10,-20,-205
10,-10,-205
10,30,-205
10,40,-205
10,50,-205
20,-20,-205
20,-10,-205
20,30,-205
20,40,-205
-340,-180,-215
-330,-190,-215
-340,-170,-215
-330,-160,-215
-330,180,-215
-340,190,-215
-340,200,-215
-330,210,-215
-320,-210,-215
-330,-200,-215
-320,-150,-215
-320,170,-215
-330,220,-215
-320,230,-215
-320,-220,-215
-310,-230,-215
-310,-150,-215
-310,170,-215
-320,240,-215
-310,250,-215
-300,-240,-215
-300,-140,-215
-300,160,-215
-300,260,-215
-290,-250,-215
-290,-140,-215
-290,-130,-215
-290,150,-215
-290,160,-215
-290,270,-215
-280,-260,-215
-280,-130,-215
-280,-120,-215
-280,140,-215
-280,150,-215
-280,270,-215
-270,-260,-215
-270,-120,-215
-270,-110,-215
-270,-100,-215
-270,-90,-215
-270,110,-215
-270,120,-215
-270,130,-215
-270,140,-215
-270,280,-215
-260,-270,-215
-260,-120,-215
-260,-110,-215
-260,-100,-215
-260,-90,-215
-260,110,-215
-260,120,-215
-260,130,-215
-260,290,-215
-250,-280,-215
-250,-100,-215
-250,-90,-215
-250,100,-215
-250,120,-215
-250,300,-215
-240,-270,-215
-240,-90,-215
-240,100,-215
-240,290,-215
-230,-260,-215
-230,-90,-215
-230,100,-215
-230,280,-215
-220,-250,-215
-220,-90,-215
-220,-80,-215
-220,-70,-215
-220,90,-215
-220,100,-215
-220,270,-215
-210,-240,-215
-210,-80,-215
-210,-70,-215
-210,90,-215
-210,100,-215
-210,260,-215
-200,-230,-215
-200,-220,-215
-200,-80,-215
-200,-70,-215
-200,90,-215
-200,240,-215
-200,250,-215
-190,-220,-215
-190,-80,-215
-190,-70,-215
-190,90,-215
-190,100,-215
-190,230,-215
-180,-210,-215
-180,-80,-215
-180,-70,-215
-180,90,-215
-180,220,-215
-170,-200,-215
-170,-80,-215
-170,-70,-215
-170,90,-215
-170,220,-215
-160,-190,-215
-160,-70,-215
-160,90,-215
-160,210,-215
-150,-180,-215
-150,-70,-215
-150,90,-215
-150,200,-215
-140,-170,-215
-140,-70,-215
-140,-60,-215
-140,-50,-215
-150,-40,-215
-150,-30,-215
-150,-20,-215
-150,-10,-215
-150,0,-215
-150,10,-215
-150,20,-215
-150,30,-215
-150,40,-215
-150,50,-215
-150,60,-215
-140,70,-215
-140,80,-215
-140,90,-215
-140,190,-215
-130,-160,-215
-130,180,-215
-120,-160,-215
-120,-110,-215
-120,-100,-215
-120,120,-215
-120,130,-215
-120,180,-215
-110,-150,-215
-110,-120,-215
-110,-110,-215
-110,-100,-215
-110,-90,-215
-110,110,-215
-110,120,-215
-110,130,-215
-110,140,-215
-110,170,-215
-100,-140,-215
-100,-130,-215
-100,-120,-215
-100,-80,-215
-100,100,-215
-100,140,-215
-100,150,-215
-100,160,-215
-90,-130,-215
-90,-80,-215
-90,100,-215
-90,150,-215
-80,-70,-215
-80,90,-215
-70,-70,-215
-70,90,-215
-60,-60,-215
-60,10,-215
-60,80,-215
-50,-60,-215
-50,10,-215
-50,80,-215
-40,-50,-215
-40,0,-215
-40,10,-215
-40,70,-215
-30,-40,-215
-30,0,-215
-30,20,-215
-30,60,-215
-20,-40,-215
-20,-30,-215
-20,0,-215
-20,20,-215
-20,50,-215
-20,60,-215
-10,-30,-215
-10,-20,-215
-10,-10,-215
-10,30,-215
-10,40,-215
-10,50,-215
0,-30,-215
0,-20,-215
0,30,-215
0,40,-215
0,50,-215
-340,-190,-225
-330,-200,-225
-340,-180,-225
-340,-170,-225
-330,-160,-225
-330,180,-225
-340,190,-225
-340,200,-225
-340,210,-225
-330,220,-225
-330,-210,-225
-320,-220,-225
-320,-160,-225
-320,180,-225
-330,230,-225
-320,240,-225
-310,-230,-225
-310,-160,-225
-310,180,-225
-310,250,-225
-300,-240,-225
-300,-150,-225
-300,170,-225
-300,260,-225
-290,-250,-225
-290,-150,-225
-290,170,-225
-290,270,-225
-280,-260,-225
-280,-150,-225
-280,-140,-225
-280,160,-225
-280,280,-225
-270,-270,-225
-270,-140,-225
-270,-130,-225
-270,150,-225
-270,160,-225
-270,290,-225
-260,-280,-225
-260,-130,-225
-260,140,-225
-260,150,-225
-260,300,-225
-250,-280,-225
-250,-130,-225
-250,-120,-225
-250,-110,-225
-250,110,-225
-250,130,-225
-250,140,-225
-250,150,-225
-250,300,-225
-240,-270,-225
-240,-120,-225
-240,-110,-225
-240,-100,-225
-240,110,-225
-240,120,-225
-240,130,-225
-240,140,-225
-240,290,-225
-230,-260,-225
-230,-100,-225
-230,110,-225
-230,120,-225
-230,280,-225
-220,-250,-225
-220,-90,-225
-220,110,-225
-220,270,-225
-210,-240,-225
-210,-90,-225
-210,110,-225
-210,260,-225
-200,-230,-225
-200,-90,-225
-200,100,-225
-200,110,-225
-200,250,-225
-190,-220,-225
-190,-210,-225
-190,-80,-225
-190,100,-225
-190,230,-225
-190,240,-225
-180,-210,-225
-180,-80,-225
-180,100,-225
-180,230,-225
-170,-200,-225
-170,-80,-225
-170,100,-225
-170,220,-225
-160,-190,-225
-160,-80,-225
-160,100,-225
-160,210,-225
-150,-180,-225
-150,-80,-225
-150,100,-225
-150,200,-225
-140,-170,-225
-140,-110,-225
-140,-80,-225
-140,-50,-225
-150,-40,-225
-150,-30,-225
-150,-20,-225
-150,-10,-225
-150,0,-225
-150,10,-225
-150,20,-225
-150,30,-225
-150,40,-225
-150,50,-225
-140,60,-225
-140,100,-225
-140,130,-225
-140,190,-225
-130,-160,-225
-130,-130,-225
-130,-120,-225
-130,-110,-225
-130,-100,-225
-130,-90,-225
-130,-80,-225
-130,-70,-225
-140,-60,-225
-140,70,-225
-140,80,-225
-130,90,-225
-130,100,-225
-130,110,-225
-130,120,-225
-130,130,-225
-130,140,-225
-130,180,-225
-120,-160,-225
-120,-140,-225
-120,-130,-225
-120,-120,-225
-120,-90,-225
-120,110,-225
-120,140,-225
-120,150,-225
-120,180,-225
-110,-150,-225
-110,-140,-225
-110,-130,-225
-110,-80,-225
-110,100,-225
-110,150,-225
-110,160,-225
-110,170,-225
-100,-80,-225
-100,100,-225
-90,-70,-225
-90,90,-225
-80,-70,-225
-80,90,-225
-70,-60,-225
-70,10,-225
-70,80,-225
-60,-50,-225
-60,10,-225
-60,70,-225
-50,-50,-225
-50,0,-225
-50,20,-225
-50,70,-225
-40,-40,-225
-40,0,-225
-40,20,-225
-40,60,-225
-30,-30,-225
-30,-20,-225
-30,-10,-225
-30,30,-225
-30,40,-225
-30,50,-225
-20,-20,-225
-20,-10,-225
-20,30,-225
-20,40,-225
-330,-200,-235
-340,-190,-235
-340,-180,-235
-330,-170,-235
-330,190,-235
-340,200,-235
-340,210,-235
-330,220,-235
-320,-220,-235
-330,-210,-235
-320,-160,-235
-320,180,-235
-330,230,-235
-320,240,-235
-320,-230,-235
-310,-240,-235
-310,-160,-235
-310,180,-235
-310,250,-235
-300,-250,-235
-300,-160,-235
-300,180,-235
-310,260,-235
-300,270,-235
-290,-260,-235
-290,-160,-235
-290,170,-235
-290,280,-235
-280,-270,-235
-280,-150,-235
-280,170,-235
-280,280,-235
-270,-270,-235
-270,-150,-235
-270,170,-235
-270,290,-235
-260,-280,-235
-260,-150,-235
-260,-140,-235
-260,160,-235
-260,300,-235
-250,-280,-235
-250,-140,-235
-250,160,-235
-250,300,-235
-240,-270,-235
-240,-140,-235
-240,-130,-235
-240,150,-235
-240,290,-235
-230,-260,-235
-230,-130,-235
-230,-120,-235
-230,-110,-235
-230,130,-235
-230,140,-235
-230,150,-235
-230,280,-235
-220,-250,-235
-220,-120,-235
-220,-110,-235
-220,-100,-235
-220,120,-235
-220,130,-235
-220,140,-235
-220,270,-235
-210,-240,-235
-210,-100,-235
-210,120,-235
-210,250,-235
-210,260,-235
-200,-230,-235
-200,-100,-235
-200,120,-235
-200,250,-235
-190,-220,-235
-190,-100,-235
-190,-90,-235
-190,110,-235
-190,120,-235
-190,240,-235
-180,-210,-235
-180,-90,-235
-180,110,-235
-180,230,-235
-170,-200,-235
-170,-90,-235
-170,110,-235
-170,220,-235
-160,-190,-235
-160,-90,-235
-160,110,-235
-160,210,-235
-150,-180,-235
-150,-120,-235
-150,-110,-235
-150,-100,-235
-150,-90,-235
-150,110,-235
-150,120,-235
-150,130,-235
-150,140,-235
-150,200,-235
-140,-170,-235
-140,-130,-235
-140,-120,-235
-140,-100,-235
-140,-90,-235
-140,-40,-235
-150,-30,-235
-150,-20,-235
-150,-10,-235
-150,0,-235
-150,10,-235
-150,20,-235
-150,30,-235
-150,40,-235
-150,50,-235
-140,60,-235
-140,110,-235
-140,120,-235
-140,140,-235
-140,150,-235
-140,190,-235
-130,-160,-235
-130,-140,-235
-130,-70,-235
-140,-60,-235
-140,-50,-235
-140,70,-235
-140,80,-235
-130,90,-235
-130,150,-235
-130,160,-235
-130,180,-235
-120,-150,-235
-120,-80,-235
-120,100,-235
-120,160,-235
-120,170,-235
-110,-80,-235
-110,90,-235
-100,-70,-235
-100,90,-235
-90,-60,-235
-90,10,-235
-90,80,-235
-80,-60,-235
-80,10,-235
-80,80,-235
-70,-50,-235
-70,0,-235
-70,20,-235
-70,70,-235
-60,-40,-235
-60,0,-235
-60,20,-235
-60,60,-235
-50,-40,-235
-50,-30,-235
-50,-10,-235
-50,20,-235
-50,50,-235
-50,60,-235
-40,-30,-235
-40,-20,-235
-40,-10,-235
-40,30,-235
-40,40,-235
-40,50,-235
-330,-200,-245
-340,-190,-245
-340,-180,-245
-330,-170,-245
-330,190,-245
-340,200,-245
-340,210,-245
-330,220,-245
-320,-220,-245
-330,-210,-245
-320,-160,-245
-320,180,-245
-330,230,-245
-320,240,-245
-310,-240,-245
-320,-230,-245
-310,-160,-245
-310,180,-245
-320,250,-245
-310,260,-245
-300,-250,-245
-300,-160,-245
-300,180,-245
-300,270,-245
-290,-260,-245
-290,-160,-245
-290,180,-245
-290,280,-245
-280,-270,-245
-280,-160,-245
-280,170,-245
-280,290,-245
-270,-280,-245
-270,-150,-245
-270,170,-245
-270,300,-245
-260,-280,-245
-260,-150,-245
-260,170,-245
-260,300,-245
-250,-280,-245
-250,-150,-245
-250,170,-245
-250,300,-245
-240,-270,-245
-240,-140,-245
-240,160,-245
-240,290,-245
-230,-260,-245
-230,-140,-245
-230,160,-245
-230,280,-245
-220,-250,-245
-220,-130,-245
-220,150,-245
-220,270,-245
-210,-240,-245
-210,-130,-245
-210,-120,-245
-210,-110,-245
-210,130,-245
-210,140,-245
-210,150,-245
-210,260,-245
-200,-230,-245
-200,-110,-245
-200,130,-245
-200,250,-245
-190,-220,-245
-190,-100,-245
-190,120,-245
-190,240,-245
-180,-210,-245
-180,-100,-245
-180,120,-245
-180,230,-245
-170,-200,-245
-170,-120,-245
-170,-110,-245
-170,-100,-245
-170,120,-245
-170,130,-245
-170,220,-245
-160,-190,-245
-160,-130,-245
-160,-120,-245
-160,-110,-245
-160,-100,-245
-160,120,-245
-160,130,-245
-160,140,-245
-160,150,-245
-160,210,-245
-150,-180,-245
-150,-140,-245
-150,-130,-245
-150,150,-245
-150,160,-245
-150,200,-245
-140,-170,-245
-140,-150,-245
-140,-140,-245
-140,-40,-245
-150,-30,-245
-150,-20,-245
-150,-10,-245
-150,0,-245
-150,10,-245
-150,20,-245
-150,30,-245
-150,40,-245
-150,50,-245
-140,60,-245
-140,160,-245
-140,170,-245
-140,190,-245
-130,-160,-245
-130,-150,-245
-130,-70,-245
-140,-60,-245
-140,-50,-245
-140,70,-245
-140,80,-245
-130,90,-245
-130,170,-245
-130,180,-245
-120,-80,-245
-120,90,-245
-110,-70,-245
-110,90,-245
-100,-60,-245
-100,10,-245
-100,80,-245
-90,-60,-245
-90,10,-245
-90,70,-245
-80,-50,-245
-80,0,-245
-80,20,-245
-80,70,-245
-70,-40,-245
-70,0,-245
-70,20,-245
-70,60,-245
-60,-30,-245
-60,-20,-245
-60,-10,-245
-60,30,-245
-60,40,-245
-60,50,-245
-50,-20,-245
-50,30,-245
-50,40,-245
-330,-200,-255
-340,-190,-255
-340,-180,-255
-340,-170,-255
-330,-160,-255
-340,190,-255
-330,180,-255
-340,200,-255
-340,210,-255
-330,220,-255
-330,-220,-255
-320,-230,-255
-330,-210,-255
-320,-160,-255
-320,180,-255
-330,230,-255
-320,240,-255
-310,-240,-255
-310,-160,-255
-310,180,-255
-320,250,-255
-310,260,-255
-300,-250,-255
-300,-160,-255
-300,180,-255
-300,270,-255
-290,-260,-255
-290,-150,-255
-290,170,-255
-290,280,-255
-280,-270,-255
-280,-150,-255
-280,170,-255
-280,290,-255
-270,-280,-255
-270,-150,-255
-270,170,-255
-270,300,-255
-260,-290,-255
-260,-150,-255
-260,170,-255
-260,310,-255
-250,-280,-255
-250,-150,-255
-250,170,-255
-250,300,-255
-240,-270,-255
-240,-140,-255
-240,160,-255
-240,290,-255
-230,-260,-255
-230,-140,-255
-230,160,-255
-230,280,-255
-220,-250,-255
-220,-140,-255
-220,160,-255
-220,270,-255
-210,-240,-255
-210,-140,-255
-210,160,-255
-210,260,-255
-200,-230,-255
-200,-130,-255
-200,-120,-255
-200,140,-255
-200,150,-255
-200,250,-255
-190,-220,-255
-190,-120,-255
-190,-110,-255
-190,130,-255
-190,140,-255
-190,240,-255
-180,-210,-255
-180,-130,-255
-180,-120,-255
-180,-110,-255
-180,130,-255
-180,140,-255
-180,230,-255
-170,-200,-255
-170,-130,-255
-170,140,-255
-170,150,-255
-170,220,-255
-160,-190,-255
-160,-140,-255
-160,160,-255
-160,210,-255
-150,-180,-255
-150,-150,-255
-150,170,-255
-150,200,-255
-140,-170,-255
-140,-160,-255
-140,-40,-255
-150,-30,-255
-150,-20,-255
-150,-10,-255
-150,0,-255
-150,10,-255
-150,20,-255
-150,30,-255
-150,40,-255
-150,50,-255
-140,60,-255
-140,180,-255
-140,190,-255
-130,-60,-255
-140,-50,-255
-140,70,-255
-130,80,-255
-120,-70,-255
-120,90,-255
-110,-60,-255
-110,10,-255
-110,80,-255
-100,-60,-255
-100,0,-255
-100,10,-255
-100,80,-255
-90,-50,-255
-90,0,-255
-90,20,-255
-90,70,-255
-80,-40,-255
-80,-10,-255
-80,30,-255
-80,50,-255
-80,60,-255
-70,-30,-255
-70,-20,-255
-70,-10,-255
-70,30,-255
-70,40,-255
-70,50,-255
-330,-200,-265
-340,-190,-265
-340,-180,-265
-340,-170,-265
-340,-160,-265
-330,-150,-265
-340,180,-265
-330,170,-265
-340,190,-265
-340,200,-265
-340,210,-265
-330,220,-265
-320,-230,-265
-330,-220,-265
-330,-210,-265
-320,-150,-265
-320,170,-265
-330,230,-265
-320,240,-265
-310,-240,-265
-310,-150,-265
-310,170,-265
-320,250,-265
-310,260,-265
-300,-250,-265
-300,-150,-265
-300,170,-265
-300,270,-265
-290,-260,-265
-290,-150,-265
-290,170,-265
-290,280,-265
-280,-270,-265
-280,-150,-265
-280,170,-265
-280,290,-265
-270,-280,-265
-270,-150,-265
-270,170,-265
-270,300,-265
-260,-290,-265
-260,-150,-265
-260,170,-265
-260,310,-265
-250,-280,-265
-250,-150,-265
-250,170,-265
-250,300,-265
-240,-270,-265
-240,-150,-265
-240,170,-265
-240,290,-265
-230,-260,-265
-230,-150,-265
-230,160,-265
-230,280,-265
-220,-250,-265
-220,-140,-265
-220,160,-265
-220,270,-265
-210,-240,-265
-210,-140,-265
-210,160,-265
-210,260,-265
-200,-230,-265
-200,-130,-265
-200,150,-265
-200,250,-265
-190,-220,-265
-190,-130,-265
-190,150,-265
-190,240,-265
-180,-210,-265
-180,-140,-265
-180,150,-265
-180,160,-265
-180,230,-265
-170,-200,-265
-170,-140,-265
-170,160,-265
-170,220,-265
-160,-190,-265
-160,-150,-265
-160,170,-265
-160,210,-265
-150,-180,-265
-150,-160,-265
-150,180,-265
-150,200,-265
-140,-170,-265
-140,-40,-265
-150,-30,-265
-150,-20,-265
-150,-10,-265
-150,0,-265
-150,10,-265
-150,20,-265
-150,30,-265
-150,40,-265
-150,50,-265
-140,60,-265
-140,190,-265
-130,-60,-265
-140,-50,-265
-140,70,-265
-130,80,-265
-120,-60,-265
-120,10,-265
-120,80,-265
-110,-60,-265
-110,10,-265
-110,80,-265
-100,-50,-265
-100,0,-265
-100,20,-265
-100,60,-265
-100,70,-265
-90,-40,-265
-90,-30,-265
-90,-10,-265
-90,30,-265
-90,50,-265
-90,60,-265
-80,-30,-265
-80,-20,-265
-80,40,-265
-330,-200,-275
-340,-190,-275
-340,-180,-275
-340,-170,-275
-340,-160,-275
-330,-150,-275
-330,170,-275
-340,180,-275
-340,190,-275
-340,200,-275
-340,210,-275
-330,220,-275
-320,-220,-275
-330,-210,-275
-320,-160,-275
-320,170,-275
-330,230,-275
-320,240,-275
-310,-240,-275
-320,-230,-275
-310,-160,-275
-310,180,-275
-320,250,-275
-310,260,-275
-300,-250,-275
-300,-160,-275
-300,180,-275
-300,270,-275
-290,-260,-275
-290,-160,-275
-290,180,-275
-290,280,-275
-280,-270,-275
-280,-160,-275
-280,180,-275
-280,290,-275
-270,-280,-275
-270,-160,-275
-270,180,-275
-270,300,-275
-260,-290,-275
-260,-160,-275
-260,180,-275
-260,310,-275
-250,-280,-275
-250,-160,-275
-250,180,-275
-250,300,-275
-240,-270,-275
-240,-170,-275
-240,-150,-275
-240,170,-275
-240,190,-275
-240,290,-275
-230,-260,-275
-230,-170,-275
-230,-160,-275
-230,170,-275
-230,190,-275
-230,280,-275
-220,-250,-275
-220,-160,-275
-220,-150,-275
-220,170,-275
-220,180,-275
-220,270,-275
-210,-240,-275
-210,-150,-275
-210,160,-275
-210,260,-275
-200,-230,-275
-200,-140,-275
-200,160,-275
-200,250,-275
-190,-220,-275
-190,-130,-275
-190,150,-275
-190,240,-275
-180,-220,-275
-180,-140,-275
-180,160,-275
-180,230,-275
-170,-210,-275
-170,-150,-275
-170,170,-275
-170,230,-275
-160,-200,-275
-160,-160,-275
-160,180,-275
-160,220,-275
-150,-190,-275
-150,-170,-275
-150,190,-275
-150,210,-275
-140,-180,-275
-140,-40,-275
-150,-30,-275
-150,-20,-275
-150,-10,-275
-150,0,-275
-150,10,-275
-150,20,-275
-150,30,-275
-150,40,-275
-150,50,-275
-140,60,-275
-140,200,-275
-130,-60,-275
-140,-50,-275
-140,70,-275
-130,80,-275
-120,-60,-275
-120,10,-275
-120,80,-275
-110,-50,-275
-110,0,-275
-110,20,-275
-110,70,-275
-100,-40,-275
-100,-30,-275
-100,-10,-275
-100,30,-275
-100,50,-275
-100,60,-275
-90,-20,-275
-90,40,-275
-330,-190,-285
-340,-180,-285
-340,-170,-285
-330,-160,-285
-330,180,-285
-340,190,-285
-340,200,-285
-330,210,-285
-320,-220,-285
-330,-210,-285
-330,-200,-285
-320,-160,-285
-320,180,-285
-330,220,-285
-330,230,-285
-320,240,-285
-310,-240,-285
-320,-230,-285
-310,-160,-285
-310,180,-285
-320,250,-285
-310,260,-285
-300,-250,-285
-300,-200,-285
-300,-190,-285
-300,-160,-285
-300,180,-285
-300,210,-285
-300,270,-285
-290,-260,-285
-290,-200,-285
-290,-190,-285
-290,-180,-285
-290,-160,-285
-290,180,-285
-290,200,-285
-290,210,-285
-290,220,-285
-290,280,-285
-280,-270,-285
-280,-200,-285
-280,-190,-285
-280,-180,-285
-280,-170,-285
-280,190,-285
-280,200,-285
-280,210,-285
-280,220,-285
-280,290,-285
-270,-280,-285
-270,-200,-285
-270,-190,-285
-270,-180,-285
-270,-170,-285
-270,190,-285
-270,200,-285
-270,210,-285
-270,300,-285
-260,-290,-285
-260,-190,-285
-260,-180,-285
-260,-170,-285
-260,190,-285
-260,200,-285
-260,210,-285
-260,300,-285
-250,-280,-285
-250,-190,-285
-250,-180,-285
-250,-170,-285
-250,190,-285
-250,200,-285
-250,210,-285
-250,290,-285
-240,-270,-285
-240,-190,-285
-240,-180,-285
-240,-160,-285
-240,180,-285
-240,200,-285
-240,210,-285
-240,280,-285
-230,-260,-285
-230,-190,-285
-230,-180,-285
-230,180,-285
-230,200,-285
-230,280,-285
-220,-250,-285
-220,-180,-285
-220,-170,-285
-220,190,-285
-220,200,-285
-220,270,-285
-210,-240,-285
-210,-180,-285
-210,-170,-285
-210,-160,-285
-210,170,-285
-210,180,-285
-210,190,-285
-210,200,-285
-210,260,-285
-200,-230,-285
-200,-170,-285
-200,-160,-285
-200,-150,-285
-200,170,-285
-200,180,-285
-200,190,-285
-200,250,-285
-190,-230,-285
-190,-160,-285
-190,-150,-285
-190,-140,-285
-190,160,-285
-190,170,-285
-190,180,-285
-190,240,-285
-180,-220,-285
-180,-160,-285
-180,-150,-285
-180,170,-285
-180,240,-285
-170,-210,-285
-170,-150,-285
-170,170,-285
-170,230,-285
-160,-200,-285
-160,-170,-285
-160,-160,-285
-160,180,-285
-160,220,-285
-150,-190,-285
-150,-180,-285
-150,190,-285
-150,200,-285
-150,210,-285
-140,-40,-285
-150,-30,-285
-150,-20,-285
-150,-10,-285
-150,0,-285
-150,10,-285
-150,20,-285
-150,30,-285
-150,40,-285
-150,50,-285
-140,60,-285
-130,-50,-285
-130,70,-285
-120,-50,-285
-120,10,-285
-120,70,-285
-110,-40,-285
-110,-30,-285
-110,0,-285
-110,20,-285
-110,50,-285
-110,60,-285
-100,-20,-285
-100,-10,-285
-100,30,-285
-100,40,-285
-330,-180,-295
-330,-170,-295
-330,190,-295
-330,200,-295
-320,-210,-295
-320,-200,-295
-320,-190,-295
-320,-180,-295
-320,-170,-295
-320,190,-295
-320,200,-295
-320,210,-295
-320,220,-295
-320,230,-295
-310,-230,-295
-310,-220,-295
-310,-210,-295
-310,-200,-295
-310,-190,-295
-310,-180,-295
-310,-170,-295
-310,190,-295
-310,200,-295
-310,210,-295
-310,220,-295
-310,230,-295
-310,240,-295
-310,250,-295
-300,-250,-295
-310,-240,-295
-300,-220,-295
-300,-210,-295
-300,-180,-295
-300,-170,-295
-300,190,-295
-300,200,-295
-300,220,-295
-300,230,-295
-300,240,-295
-300,260,-295
-290,-260,-295
-290,-210,-295
-290,-170,-295
-290,190,-295
-290,230,-295
-290,270,-295
-280,-270,-295
-280,-210,-295
-280,230,-295
-280,280,-295
-270,-280,-295
-270,-210,-295
-270,220,-295
-270,230,-295
-280,290,-295
-270,300,-295
-260,-280,-295
-260,-210,-295
-260,-200,-295
-260,220,-295
-260,230,-295
-260,300,-295
-250,-270,-295
-250,-200,-295
-250,220,-295
-250,290,-295
-240,-260,-295
-240,-200,-295
-240,220,-295
-240,280,-295
-230,-260,-295
-230,-200,-295
-230,210,-295
-230,220,-295
-230,270,-295
-220,-250,-295
-220,-200,-295
-220,-190,-295
-220,210,-295
-220,220,-295
-220,270,-295
-210,-240,-295
-210,-190,-295
-210,210,-295
-210,260,-295
-200,-230,-295
-200,-190,-295
-200,-180,-295
-200,200,-295
-200,250,-295
-190,-230,-295
-190,-180,-295
-190,-170,-295
-190,190,-295
-190,200,-295
-190,240,-295
-180,-220,-295
-180,-170,-295
-180,180,-295
-180,190,-295
-180,240,-295
-170,-210,-295
-170,-170,-295
-170,-160,-295
-170,180,-295
-170,190,-295
-170,230,-295
-160,-210,-295
-160,-170,-295
-160,190,-295
-160,220,-295
-150,-200,-295
-150,-190,-295
-150,-180,-295
-150,200,-295
-150,210,-295
-140,-40,-295
-150,-30,-295
-150,-20,-295
-150,-10,-295
-150,0,-295
-150,10,-295
-150,20,-295
-150,30,-295
-150,40,-295
-150,50,-295
-140,60,-295
-130,-50,-295
-130,10,-295
-130,70,-295
-120,-40,-295
-120,10,-295
-120,60,-295
-110,-30,-295
-110,-20,-295
-110,-10,-295
-110,0,-295
-110,20,-295
-110,30,-295
-110,40,-295
-110,50,-295
-300,-240,-305
-300,-230,-305
-300,250,-305
-290,-250,-305
-290,-230,-305
-290,-220,-305
-290,240,-305
-290,250,-305
-300,260,-305
-290,270,-305
-280,-260,-305
-280,-230,-305
-280,-220,-305
-280,240,-305
-280,280,-305
-270,-270,-305
-270,-220,-305
-270,240,-305
-270,290,-305
-260,-280,-305
-260,-220,-305
-260,240,-305
-260,300,-305
-250,-270,-305
-250,-220,-305
-250,-210,-305
-250,230,-305
-250,240,-305
-250,290,-305
-240,-260,-305
-240,-220,-305
-240,-210,-305
-240,230,-305
-240,280,-305
-230,-250,-305
-230,-210,-305
-230,230,-305
-230,270,-305
-220,-250,-305
-220,-210,-305
-220,230,-305
-220,270,-305
-210,-240,-305
-210,-210,-305
-210,-200,-305
-210,220,-305
-210,230,-305
-210,260,-305
-200,-230,-305
-200,-200,-305
-200,210,-305
-200,220,-305
-200,250,-305
-190,-230,-305
-190,-200,-305
-190,-190,-305
-190,210,-305
-190,220,-305
-190,250,-305
-180,-220,-305
-180,-190,-305
-180,-180,-305
-180,200,-305
-180,210,-305
-180,240,-305
-170,-220,-305
-170,-190,-305
-170,-180,-305
-170,200,-305
-170,210,-305
-170,230,-305
-160,-210,-305
-160,-180,-305
-160,200,-305
-160,230,-305
-150,-200,-305
-150,-190,-305
-150,210,-305
-150,220,-305
-150,-40,-305
-140,-50,-305
-150,-30,-305
-150,-20,-305
-150,-10,-305
-150,0,-305
-140,10,-305
-150,20,-305
-150,30,-305
-150,40,-305
-150,50,-305
-150,60,-305
-140,70,-305
-130,-40,-305
-130,-10,-305
-130,0,-305
-130,20,-305
-130,30,-305
-130,60,-305
-120,-30,-305
-120,-20,-305
-120,-10,-305
-120,0,-305
-120,20,-305
-120,30,-305
-120,40,-305
-120,50,-305
-290,-240,-315
-290,260,-315
-280,-260,-315
-290,-250,-315
-280,-240,-315
-280,250,-315
-280,260,-315
-290,270,-315
-280,280,-315
-270,-270,-315
-270,-240,-315
-270,-230,-315
-270,250,-315
-270,260,-315
-270,290,-315
-260,-280,-315
-260,-240,-315
-260,-230,-315
-260,250,-315
-260,300,-315
-250,-270,-315
-250,-230,-315
-250,250,-315
-250,290,-315
-240,-260,-315
-240,-230,-315
-240,240,-315
-240,250,-315
-240,280,-315
-230,-250,-315
-230,-230,-315
-230,-220,-315
-230,240,-315
-230,250,-315
-230,270,-315
-220,-240,-315
-220,-220,-315
-220,240,-315
-220,260,-315
-210,-240,-315
-210,-220,-315
-210,240,-315
-210,260,-315
-200,-230,-315
-200,-220,-315
-200,-210,-315
-200,230,-315
-200,240,-315
-200,250,-315
-190,-220,-315
-190,-210,-315
-190,230,-315
-190,250,-315
-180,-210,-315
-180,-200,-315
-180,220,-315
-180,230,-315
-180,240,-315
-170,-220,-315
-170,-200,-315
-170,220,-315
-160,-210,-315
-160,-200,-315
-160,-190,-315
-160,210,-315
-160,220,-315
-140,-40,-315
-140,-30,-315
-140,-20,-315
-140,-10,-315
-140,0,-315
-140,20,-315
-140,30,-315
-140,40,-315
-140,50,-315
-140,60,-315
-130,-30,-315
-130,-20,-315
-130,40,-315
-130,50,-315
-280,-250,-325
-280,270,-325
-270,-260,-325
-270,-250,-325
-270,270,-325
-270,280,-325
-260,-270,-325
-260,-250,-325
-260,260,-325
-260,270,-325
-260,290,-325
-250,-260,-325
-250,-250,-325
-250,-240,-325
-250,260,-325
-250,270,-325
-250,280,-325
-240,-250,-325
-240,-240,-325
-240,260,-325
-240,270,-325
-230,-240,-325
-230,260,-325
-220,-230,-325
-220,250,-325
-210,-230,-325
-210,250,-325
-190,240,-325
-170,-210,-325
-260,-260,-335
-260,280,-335
