70,0,-25
60,0,-35
70,-10,-35
70,10,-35
80,0,-35
40,0,-35
30,0,-45
40,-10,-45
40,10,-45
40,20,-35
30,20,-45
40,30,-45
50,0,-35
50,-10,-45
50,10,-35
50,20,-35
50,30,-45
60,-10,-35
60,-20,-45
60,10,-35
60,20,-35
60,30,-35
60,40,-45
70,-20,-45
70,20,-35
70,30,-35
70,40,-45
80,-10,-45
80,0,-45
80,10,-45
80,20,-45
80,30,-45
20,0,-45
10,0,-55
20,-10,-55
20,10,-45
10,10,-55
20,20,-45
10,20,-55
20,30,-55
30,-10,-45
30,-20,-55
30,10,-45
30,30,-45
30,40,-55
40,-20,-55
40,40,-55
50,-20,-45
50,-30,-55
50,40,-45
50,50,-55
60,-30,-55
60,50,-55
70,-30,-55
70,50,-55
80,-30,-45
80,-40,-55
80,-20,-55
80,-10,-55
80,0,-55
80,10,-55
80,20,-55
80,30,-55
80,40,-55
80,50,-45
80,60,-55
90,-30,-55
90,50,-55
-10,0,-55
-20,0,-65
-10,-10,-65
-10,10,-55
-20,10,-65
-10,20,-55
-20,20,-65
-10,30,-65
0,0,-55
0,-10,-65
0,10,-55
0,20,-55
0,30,-65
10,-10,-55
10,-20,-65
10,30,-55
10,40,-65
20,-20,-55
20,-30,-65
20,40,-55
20,50,-65
30,-30,-65
30,50,-65
40,-30,-55
40,-40,-65
40,50,-65
50,-40,-65
50,60,-65
60,-40,-65
60,60,-65
70,-40,-55
70,-50,-65
70,60,-65
80,-50,-65
80,-20,-65
80,-10,-65
80,0,-65
80,10,-65
80,20,-65
80,30,-65
80,40,-65
80,70,-65
90,-40,-65
90,-30,-65
90,50,-65
90,60,-65
-40,0,-65
-50,0,-75
-40,-10,-75
-40,10,-75
-40,20,-65
-50,20,-75
-40,30,-75
-30,0,-65
-30,-10,-75
-30,10,-65
-30,20,-65
-30,30,-75
-20,-10,-65
-20,-20,-75
-20,30,-65
-20,40,-75
-10,-20,-65
-10,-30,-75
-10,40,-75
0,-20,-65
0,-30,-75
0,40,-65
0,50,-75
10,-30,-75
10,50,-75
20,-40,-75
20,60,-75
30,-40,-75
30,60,-75
40,-50,-75
40,60,-75
50,-50,-75
50,70,-75
60,-50,-75
60,70,-75
70,-50,-75
70,70,-75
80,-60,-75
80,-20,-75
80,-10,-75
80,0,-75
80,10,-75
80,20,-75
80,30,-75
80,40,-75
80,70,-75
90,-50,-65
90,-60,-75
90,-40,-75
90,-30,-75
90,50,-75
90,60,-75
90,70,-65
90,80,-75
100,-50,-75
100,70,-75
-60,0,-75
-70,0,-85
-60,-10,-85
-60,10,-75
-70,10,-85
-60,20,-75
-70,20,-85
-60,30,-85
-50,-10,-75
-50,-20,-85
-50,10,-75
-50,30,-75
-50,40,-85
-40,-20,-85
-40,40,-85
-30,-20,-75
-30,-30,-85
-30,40,-75
-30,50,-85
-20,-30,-85
-20,50,-85
-10,-40,-85
-10,50,-75
-10,60,-85
0,-40,-85
0,60,-85
10,-40,-75
10,-50,-85
10,60,-85
20,-50,-85
20,70,-85
30,-50,-85
30,70,-85
40,-50,-85
40,70,-85
50,-60,-85
50,80,-85
60,-60,-85
60,80,-85
70,-60,-85
70,80,-85
80,-60,-85
80,-20,-85
80,-10,-85
80,0,-85
80,10,-85
80,20,-85
80,30,-85
80,40,-85
80,80,-85
90,-60,-85
90,-40,-85
90,-30,-85
90,50,-85
90,60,-85
90,80,-85
100,-60,-75
100,-70,-85
100,-50,-85
100,70,-85
110,-60,-85
-110,0,-85
-120,0,-95
-110,-10,-95
-110,10,-95
-110,20,-85
-120,20,-95
-110,30,-95
-100,0,-85
-100,-10,-95
-100,10,-95
-100,20,-85
-100,30,-95
-90,0,-85
-90,-10,-95
-90,10,-95
-90,20,-85
-90,30,-95
-80,-10,-85
-80,-20,-95
-80,0,-85
-80,10,-85
-80,20,-85
-80,30,-85
-80,40,-95
-70,-10,-85
-70,-20,-95
-70,30,-85
-70,40,-95
-60,-20,-85
-60,-30,-95
-60,40,-85
-60,50,-95
-50,-30,-95
-50,50,-95
-40,-30,-85
-40,-40,-95
-40,50,-85
-40,60,-95
-30,-40,-95
-30,60,-95
-20,-40,-85
-20,-50,-95
-20,60,-95
-10,-50,-95
-10,70,-95
0,-50,-95
0,70,-95
10,-50,-95
10,70,-95
20,-60,-95
20,80,-95
30,-60,-95
30,80,-95
40,-60,-95
40,80,-95
50,-60,-95
50,80,-95
60,-70,-95
60,80,-95
70,-70,-95
70,90,-95
80,-70,-95
80,-30,-95
80,-20,-95
80,-10,-95
80,0,-95
80,10,-95
80,20,-95
80,30,-95
80,40,-95
80,50,-95
80,90,-95
90,-70,-95
90,-40,-95
90,60,-95
90,90,-95
100,-60,-95
100,-50,-95
100,70,-95
100,80,-95
-150,20,-95
-160,20,-105
-150,10,-105
-150,30,-105
-140,0,-95
-150,0,-105
-140,-10,-105
-140,10,-105
-140,20,-95
-140,30,-105
-130,-10,-95
-130,-20,-105
-130,0,-95
-130,10,-105
-130,20,-95
-130,30,-105
-120,-10,-95
-120,-20,-105
-120,10,-105
-120,30,-95
-120,40,-105
-110,-20,-105
-110,40,-105
-100,-20,-95
-100,-30,-105
-100,40,-95
-100,50,-105
-90,-20,-95
-90,-30,-105
-90,40,-95
-90,50,-105
-80,-30,-105
-80,50,-105
-70,-30,-95
-70,-40,-105
-70,50,-95
-70,60,-105
-60,-40,-105
-60,60,-105
-50,-40,-95
-50,-50,-105
-50,60,-105
-40,-50,-105
-40,70,-105
-30,-50,-105
-30,70,-105
-20,-60,-105
-20,70,-105
-10,-60,-105
-10,80,-105
0,-60,-105
0,80,-105
10,-60,-105
10,80,-105
20,-70,-105
20,80,-105
30,-70,-105
30,90,-105
40,-70,-105
40,90,-105
50,-70,-105
50,90,-105
60,-70,-105
60,90,-105
70,-70,-105
70,90,-105
80,-70,-105
80,-30,-105
80,-20,-105
80,-10,-105
80,0,-105
80,10,-105
80,20,-105
80,30,-105
80,40,-105
80,50,-105
80,90,-105
90,-70,-105
90,-50,-105
90,-40,-105
90,60,-105
90,90,-105
100,-60,-105
100,70,-105
100,80,-105
-170,-10,-105
-180,-10,-115
-170,-20,-115
-170,0,-115
-170,20,-105
-180,20,-115
-170,10,-115
-170,30,-105
-180,30,-115
-170,40,-115
-160,-10,-105
-160,-20,-115
-160,0,-105
-160,10,-115
-160,30,-105
-160,40,-115
-150,-10,-105
-150,-20,-115
-150,10,-115
-150,40,-115
-140,-20,-105
-140,-30,-115
-140,10,-115
-140,40,-105
-140,50,-115
-130,-30,-115
-130,40,-105
-130,50,-115
-120,-30,-115
-120,50,-115
-110,-30,-105
-110,-40,-115
-110,50,-105
-110,60,-115
-100,-40,-115
-100,60,-115
-90,-40,-115
-90,60,-115
-80,-40,-105
-80,-50,-115
-80,60,-105
-80,70,-115
-70,-50,-115
-70,70,-115
-60,-50,-115
-60,70,-115
-50,-50,-115
-50,70,-115
-40,-60,-115
-40,80,-115
-30,-60,-115
-30,80,-115
-20,-60,-115
-20,80,-115
-10,-70,-115
-10,90,-115
0,-70,-115
0,90,-115
10,-70,-115
10,90,-115
20,-70,-115
20,90,-115
30,-70,-115
30,90,-115
40,-70,-115
40,90,-115
50,-80,-115
50,90,-115
60,-80,-115
60,100,-115
70,-80,-115
70,100,-115
80,-70,-115
80,-30,-115
80,-20,-115
80,-10,-115
80,0,-115
80,10,-115
80,20,-115
80,30,-115
80,40,-115
80,50,-115
80,90,-115
90,-70,-115
90,-50,-115
90,-40,-115
90,60,-115
90,70,-115
90,90,-115
100,-60,-115
100,80,-115
-210,-10,-115
-220,-10,-125
-210,-20,-125
-210,0,-125
-210,30,-115
-220,30,-125
-210,20,-125
-210,40,-125
-200,-10,-115
-200,-20,-125
-200,0,-125
-200,30,-115
-200,20,-125
-200,40,-125
-190,-20,-115
-190,-30,-125
-190,-10,-115
-190,0,-125
-190,20,-115
-190,10,-125
-190,30,-115
-190,40,-125
-180,-20,-115
-180,-30,-125
-180,0,-115
-180,10,-125
-180,40,-115
-180,50,-125
-170,-30,-125
-170,10,-125
-170,50,-125
-160,-30,-125
-160,10,-125
-160,50,-125
-150,-30,-115
-150,-40,-125
-150,50,-115
-150,60,-125
-140,-40,-125
-140,60,-125
-130,-40,-125
-130,60,-125
-120,-40,-125
-120,60,-115
-120,70,-125
-110,-50,-125
-110,70,-125
-100,-50,-125
-100,70,-125
-90,-50,-125
-90,70,-125
-80,-60,-125
-80,80,-125
-70,-60,-125
-70,80,-125
-60,-60,-125
-60,80,-125
-50,-60,-125
-50,80,-125
-40,-70,-125
-40,90,-125
-30,-70,-125
-30,90,-125
-20,-70,-125
-20,90,-125
-10,-70,-125
-10,90,-125
0,-70,-125
0,90,-125
10,-80,-125
10,90,-125
20,-80,-125
20,100,-125
30,-80,-125
30,100,-125
40,-80,-125
40,100,-125
50,-80,-125
50,100,-125
60,-80,-125
60,100,-125
70,-70,-125
70,90,-125
80,-60,-125
80,-30,-125
80,-20,-125
80,-10,-125
80,0,-125
80,10,-125
80,20,-125
80,30,-125
80,40,-125
80,50,-125
80,80,-125
90,-60,-125
90,-50,-125
90,-40,-125
90,60,-125
90,70,-125
90,80,-125
-230,-10,-125
-240,-10,-135
-230,-20,-135
-230,0,-135
-230,30,-125
-240,30,-135
-230,20,-135
-230,40,-135
-220,-20,-125
-220,-30,-135
-220,0,-135
-220,20,-135
-220,40,-125
-220,50,-135
-210,-30,-135
-210,0,-135
-210,10,-135
-210,50,-135
-200,-30,-135
-200,10,-135
-200,50,-135
-190,-40,-135
-190,10,-135
-190,50,-125
-190,60,-135
-180,-40,-135
-180,10,-135
-180,60,-135
-170,-40,-135
-170,60,-135
-160,-40,-135
-160,60,-135
-150,-50,-135
-150,70,-135
-140,-50,-135
-140,70,-135
-130,-50,-135
-130,70,-135
-120,-50,-125
-120,-60,-135
-120,80,-135
-110,-60,-135
-110,80,-135
-100,-60,-135
-100,80,-135
-90,-60,-135
-90,80,-135
-80,-70,-135
-80,80,-135
-70,-70,-135
-70,90,-135
-60,-70,-135
-60,90,-135
-50,-70,-135
-50,90,-135
-40,-70,-135
-40,90,-135
-30,-70,-135
-30,90,-135
-20,-80,-135
-20,100,-135
-10,-80,-135
-10,100,-135
0,-80,-135
0,100,-135
10,-80,-135
10,100,-135
20,-80,-135
20,100,-135
30,-80,-135
30,100,-135
40,-80,-135
40,100,-135
50,-70,-135
50,90,-135
60,-70,-135
60,-60,-135
60,80,-135
60,90,-135
70,-60,-135
70,80,-135
80,-50,-135
80,-30,-135
80,-20,-135
80,-10,-135
80,0,-135
80,10,-135
80,20,-135
80,30,-135
80,40,-135
80,50,-135
80,70,-135
90,-40,-135
90,60,-135
-250,-20,-135
-260,-20,-145
-250,-30,-145
-250,-10,-135
-260,-10,-145
-250,0,-145
-250,30,-135
-260,30,-145
-250,20,-145
-250,40,-135
-260,40,-145
-250,50,-145
-240,-20,-135
-240,-30,-145
-240,0,-145
-240,20,-145
-240,40,-135
-240,50,-145
-230,-30,-145
-230,0,-145
-230,20,-145
-230,50,-145
-220,-40,-145
-220,10,-145
-220,60,-145
-210,-40,-145
-210,10,-145
-210,60,-145
-200,-40,-145
-200,10,-145
-200,60,-145
-190,-50,-145
-190,70,-145
-180,-50,-145
-180,70,-145
-170,-50,-145
-170,70,-145
-160,-50,-135
-160,-60,-145
-160,70,-135
-160,80,-145
-150,-60,-145
-150,80,-145
-140,-60,-145
-140,80,-145
-130,-60,-145
-130,80,-145
-120,-60,-145
-120,80,-145
-110,-70,-145
-110,90,-145
-100,-70,-145
-100,90,-145
-90,-70,-145
-90,90,-145
-80,-70,-145
-80,90,-145
-70,-70,-145
-70,90,-145
-60,-80,-145
-60,90,-145
-50,-80,-145
-50,100,-145
-40,-80,-145
-40,100,-145
-30,-80,-145
-30,100,-145
-20,-80,-145
-20,100,-145
-10,-80,-145
-10,100,-145
0,-80,-145
0,100,-145
10,-80,-145
10,100,-145
20,-80,-145
20,100,-145
30,-70,-145
30,90,-145
40,-70,-145
40,90,-145
50,-60,-145
50,80,-145
60,-60,-145
60,80,-145
70,-50,-145
70,70,-145
80,-40,-145
80,-30,-145
80,-20,-145
80,-10,-145
80,0,-145
80,10,-145
80,20,-145
80,30,-145
80,40,-145
80,50,-145
80,60,-145
-280,-20,-145
-290,-20,-155
-280,-30,-155
-280,-10,-155
-280,40,-145
-290,40,-155
-280,30,-155
-280,50,-155
-270,-20,-145
-270,-30,-155
-270,-10,-155
-270,30,-145
-270,20,-155
-270,40,-145
-270,50,-155
-260,-30,-155
-260,0,-155
-260,20,-155
-260,50,-155
-250,-40,-155
-250,0,-155
-250,20,-155
-250,60,-155
-240,-40,-155
-240,10,-155
-240,60,-155
-230,-40,-155
-230,10,-155
-230,60,-155
-220,-50,-155
-220,10,-155
-220,70,-155
-210,-50,-155
-210,70,-155
-200,-50,-155
-200,70,-155
-190,-60,-155
-190,80,-155
-180,-60,-155
-180,80,-155
-170,-60,-155
-170,80,-155
-160,-60,-155
-160,80,-155
-150,-70,-155
-150,90,-155
-140,-70,-155
-140,90,-155
-130,-70,-155
-130,90,-155
-120,-70,-155
-120,90,-155
-110,-80,-155
-110,90,-155
-100,-80,-155
-100,100,-155
-90,-80,-155
-90,100,-155
-80,-80,-155
-80,100,-155
-70,-80,-155
-70,100,-155
-60,-80,-155
-60,100,-155
-50,-80,-155
-50,100,-155
-40,-80,-155
-40,100,-155
-30,-80,-155
-30,100,-155
-20,-90,-155
-20,100,-155
-10,-90,-155
-10,100,-155
0,-80,-155
0,100,-155
10,-80,-155
10,90,-155
20,-70,-155
20,90,-155
30,-60,-155
30,80,-155
40,-60,-155
40,10,-155
40,80,-155
50,-60,-155
50,10,-155
50,80,-155
60,-50,-155
60,10,-155
60,70,-155
70,-40,-155
70,10,-155
70,60,-155
80,-40,-155
80,10,-155
80,60,-155
90,-30,-155
90,-20,-145
90,-10,-145
90,0,-145
90,10,-155
90,20,-145
90,30,-145
90,40,-145
90,50,-155
100,-20,-155
100,-10,-155
100,0,-155
100,20,-155
100,30,-155
100,40,-155
-280,-20,-165
-280,40,-165
-280,-30,-165
-270,-40,-165
-270,-10,-165
-270,30,-165
-280,50,-165
-270,60,-165
-260,-40,-165
-260,0,-165
-270,20,-165
-260,10,-165
-260,60,-165
-250,-50,-165
-250,10,-165
-250,70,-165
-240,-50,-165
-240,10,-165
-240,70,-165
-230,-50,-165
-230,10,-165
-230,70,-165
-220,-60,-165
-220,80,-165
-210,-60,-165
-210,80,-165
-200,-60,-165
-200,80,-165
-190,-70,-165
-190,90,-165
-180,-70,-165
-180,90,-165
-170,-70,-165
-170,90,-165
-160,-70,-165
-160,90,-165
-150,-80,-165
-150,90,-165
-140,-80,-165
-140,100,-165
-130,-80,-165
-130,100,-165
-120,-80,-165
-120,100,-165
-110,-80,-165
-110,100,-165
-100,-80,-165
-100,100,-165
-90,-80,-165
-90,100,-165
-80,-90,-165
-80,100,-165
-70,-90,-165
-70,110,-165
-60,-90,-165
-60,110,-165
-50,-90,-165
-50,110,-165
-40,-90,-165
-40,110,-165
-30,-90,-165
-30,110,-165
-20,-80,-165
-20,100,-165
-10,-80,-165
-10,100,-165
0,-70,-165
0,90,-165
10,-70,-165
10,90,-165
20,-60,-165
20,10,-165
20,80,-165
30,-60,-165
30,10,-165
30,80,-165
40,-50,-165
40,10,-165
40,70,-165
50,-50,-165
50,10,-165
50,70,-165
60,-40,-165
60,0,-165
60,20,-165
60,60,-165
70,-40,-165
70,0,-165
70,20,-165
70,50,-165
80,-30,-165
80,-20,-165
80,-10,-165
80,0,-165
80,20,-165
80,30,-165
80,40,-165
80,50,-165
90,-20,-165
90,-10,-165
90,0,-165
90,20,-165
90,30,-165
90,40,-165
-270,-30,-175
-270,-20,-175
-270,40,-175
-270,50,-175
-270,-40,-175
-260,-50,-175
-260,-20,-175
-260,-10,-175
-260,20,-175
-260,30,-175
-260,40,-175
-270,60,-175
-260,70,-175
-250,-60,-175
-250,0,-175
-250,20,-175
-250,70,-175
-240,-60,-175
-240,0,-175
-240,20,-175
-240,80,-175
-230,-60,-175
-230,0,-175
-230,20,-175
-230,80,-175
-220,-60,-175
-230,10,-175
-220,80,-175
-210,-70,-175
-210,90,-175
-200,-70,-175
-200,90,-175
-190,-70,-175
-190,90,-175
-180,-80,-175
-180,90,-175
-170,-80,-175
-170,100,-175
-160,-80,-175
-160,100,-175
-150,-80,-175
-150,100,-175
-140,-80,-175
-140,100,-175
-130,-80,-175
-130,100,-175
-120,-90,-175
-120,100,-175
-110,-90,-175
-110,110,-175
-100,-90,-175
-100,110,-175
-90,-90,-175
-90,110,-175
-80,-90,-175
-80,110,-175
-70,-90,-175
-70,110,-175
-60,-90,-175
-60,110,-175
-50,-90,-175
-50,110,-175
-40,-80,-175
-40,100,-175
-30,-80,-175
-30,100,-175
-20,-70,-175
-20,90,-175
-10,-70,-175
-10,90,-175
0,-70,-175
0,90,-175
10,-60,-175
10,10,-175
10,80,-175
20,-60,-175
20,10,-175
20,70,-175
30,-50,-175
30,10,-175
30,70,-175
40,-50,-175
40,0,-175
40,20,-175
40,60,-175
50,-40,-175
50,0,-175
50,20,-175
50,60,-175
60,-30,-175
60,-10,-175
60,30,-175
60,50,-175
70,-30,-175
70,-20,-175
70,-10,-175
70,30,-175
70,40,-175
-260,-40,-185
-260,-30,-185
-260,50,-185
-260,60,-185
-250,-60,-185
-260,-50,-185
-250,-40,-185
-250,-30,-185
-250,-20,-185
-250,-10,-185
-250,30,-185
-250,40,-185
-250,50,-185
-250,60,-185
-260,70,-185
-250,80,-185
-240,-70,-185
-240,-30,-185
-240,-20,-185
-240,-10,-185
-240,30,-185
-240,40,-185
-240,50,-185
-240,90,-185
-230,-70,-185
-230,-30,-185
-230,-20,-185
-230,-10,-185
-230,30,-185
-230,40,-185
-230,50,-185
-230,90,-185
-220,-70,-185
-220,-30,-185
-220,-20,-185
-220,-10,-185
-220,0,-185
-220,10,-185
-220,20,-185
-220,30,-185
-220,40,-185
-220,50,-185
-220,90,-185
-210,-80,-185
-210,-30,-185
-210,-20,-185
-210,-10,-185
-210,0,-185
-210,10,-185
-210,20,-185
-210,30,-185
-210,40,-185
-210,50,-185
-210,90,-185
-200,-80,-185
-200,-30,-185
-200,-20,-185
-200,-10,-185
-200,0,-185
-200,10,-185
-200,20,-185
-200,30,-185
-200,40,-185
-200,50,-185
-200,100,-185
-190,-80,-185
-190,-20,-185
-190,-10,-185
-190,0,-185
-190,10,-185
-190,20,-185
-190,30,-185
-190,40,-185
-190,100,-185
-180,-80,-185
-180,-20,-185
-180,-10,-185
-180,0,-185
-180,10,-185
-180,20,-185
-180,30,-185
-180,40,-185
-180,100,-185
-170,-80,-185
-170,-10,-185
-170,0,-185
-170,10,-185
-170,20,-185
-170,30,-185
-170,100,-185
-160,-90,-185
-160,110,-185
-150,-90,-185
-150,110,-185
-140,-90,-185
-140,110,-185
-130,-90,-185
-130,110,-185
-120,-90,-185
-120,110,-185
-110,-90,-185
-110,110,-185
-100,-90,-185
-100,110,-185
-90,-90,-185
-90,110,-185
-80,-90,-185
-80,110,-185
-70,-90,-185
-70,110,-185
-60,-90,-185
-60,110,-185
-50,-80,-185
-50,100,-185
-40,-80,-185
-40,90,-185
-30,-70,-185
-30,90,-185
-20,-70,-185
-20,90,-185
-10,-60,-185
-10,10,-185
-10,80,-185
0,-60,-185
0,10,-185
0,80,-185
10,-50,-185
10,10,-185
10,70,-185
20,-50,-185
20,0,-185
20,20,-185
20,70,-185
30,-40,-185
30,0,-185
30,20,-185
30,60,-185
40,-40,-185
40,-30,-185
40,0,-185
40,20,-185
40,50,-185
50,-30,-185
50,-20,-185
50,-10,-185
50,30,-185
50,40,-185
50,50,-185
60,-20,-185
60,40,-185
-250,-50,-195
-250,70,-195
-240,-60,-195
-240,-50,-195
-240,-40,-195
-240,60,-195
-240,70,-195
-240,80,-195
-240,-70,-195
-230,-80,-195
-230,-50,-195
-230,-40,-195
-230,60,-195
-230,70,-195
-240,90,-195
-230,100,-195
-220,-80,-195
-220,-50,-195
-220,-40,-195
-220,60,-195
-220,70,-195
-220,100,-195
-210,-80,-195
-210,-50,-195
-210,-40,-195
-210,60,-195
-210,70,-195
-210,100,-195
-200,-90,-195
-200,-50,-195
-200,-40,-195
-200,60,-195
-200,70,-195
-200,100,-195
-190,-90,-195
-190,-50,-195
-190,-40,-195
-190,-30,-195
-190,50,-195
-190,60,-195
-190,70,-195
-190,110,-195
-180,-90,-195
-180,-50,-195
-180,-40,-195
-180,-30,-195
-180,50,-195
-180,60,-195
-180,70,-195
-180,110,-195
-170,-90,-195
-170,-40,-195
-170,-30,-195
-170,-20,-195
-170,40,-195
-170,50,-195
-170,60,-195
-170,110,-195
-160,-90,-195
-160,-40,-195
-160,-30,-195
-160,-20,-195
-160,-10,-195
-160,0,-195
-160,10,-195
-160,20,-195
-160,30,-195
-160,40,-195
-160,50,-195
-160,60,-195
-160,110,-195
-150,-90,-195
-150,-30,-195
-150,-20,-195
-150,-10,-195
-150,0,-195
-150,10,-195
-150,20,-195
-150,30,-195
-150,40,-195
-150,50,-195
-150,110,-195
-140,-90,-195
-140,110,-195
-130,-90,-195
-130,110,-195
-120,-100,-195
-120,110,-195
-110,-100,-195
-110,110,-195
-100,-100,-195
-100,120,-195
-90,-100,-195
-90,120,-195
-80,-90,-195
-80,110,-195
-70,-80,-195
-70,100,-195
-60,-80,-195
-60,100,-195
-50,-70,-195
-50,90,-195
-40,-70,-195
-40,90,-195
-30,-60,-195
-30,80,-195
-20,-60,-195
-20,10,-195
-20,80,-195
-10,-50,-195
-10,10,-195
-10,70,-195
0,-50,-195
0,0,-195
0,20,-195
0,70,-195
10,-40,-195
10,0,-195
10,20,-195
10,60,-195
20,-40,-195
20,-30,-195
20,0,-195
20,20,-195
20,50,-195
20,60,-195
30,-30,-195
30,-20,-195
30,-10,-195
30,30,-195
30,40,-195
30,50,-195
40,-20,-195
40,-10,-195
40,30,-195
40,40,-195
-230,-70,-205
-230,-60,-205
-230,80,-205
-230,90,-205
-230,-80,-205
-220,-90,-205
-220,-60,-205
-220,80,-205
-230,100,-205
-220,110,-205
-210,-90,-205
-210,-60,-205
-210,80,-205
-210,110,-205
-200,-90,-205
-200,-60,-205
-200,80,-205
-200,110,-205
-190,-90,-205
-190,-60,-205
-190,80,-205
-190,110,-205
-180,-90,-205
-180,-60,-205
-180,80,-205
-180,110,-205
-170,-100,-205
-170,-60,-205
-170,-50,-205
-170,70,-205
-170,80,-205
-170,110,-205
-160,-100,-205
-160,-60,-205
-160,-50,-205
-160,70,-205
-160,80,-205
-160,120,-205
-150,-100,-205
-150,-60,-205
-150,-50,-205
-150,-40,-205
-150,60,-205
-150,70,-205
-150,80,-205
-150,120,-205
-140,-100,-205
-140,-50,-205
-150,-30,-205
-150,-20,-205
-150,-10,-205
-150,0,-205
-150,10,-205
-150,20,-205
-150,30,-205
-150,40,-205
-150,50,-205
-140,70,-205
-140,120,-205
-130,-100,-205
-130,120,-205
-120,-100,-205
-120,120,-205
-110,-100,-205
-110,120,-205
-100,-100,-205
-100,120,-205
-90,-90,-205
-90,110,-205
-80,-80,-205
-80,100,-205
-70,-80,-205
-70,90,-205
-60,-70,-205
-60,90,-205
-50,-70,-205
-50,90,-205
-40,-60,-205
-40,10,-205
-40,80,-205
-30,-50,-205
-30,10,-205
-30,70,-205
-20,-50,-205
-20,0,-205
-20,20,-205
-20,70,-205
-10,-40,-205
-10,0,-205
-10,20,-205
-10,60,-205
0,-40,-205
0,-10,-205
0,20,-205
0,60,-205
10,-30,-205
10,-20,-205
10,-10,-205
10,30,-205
10,40,-205
10,50,-205
20,-20,-205
20,-10,-205
20,30,-205
20,40,-205
-220,-80,-215
-220,-70,-215
-220,90,-215
-220,100,-215
-210,-80,-215
-210,-70,-215
-210,90,-215
-210,100,-215
-210,-90,-215
-200,-100,-215
-200,-80,-215
-200,-70,-215
-200,90,-215
-210,110,-215
-200,120,-215
-190,-100,-215
-190,-80,-215
-190,-70,-215
-190,90,-215
-190,100,-215
-190,120,-215
-180,-100,-215
-180,-80,-215
-180,-70,-215
-180,90,-215
-180,120,-215
-170,-100,-215
-170,-80,-215
-170,-70,-215
-170,90,-215
-170,120,-215
-160,-100,-215
-160,-70,-215
-160,90,-215
-160,120,-215
-150,-100,-215
-150,-70,-215
-150,90,-215
-150,120,-215
-140,-100,-215
-140,-70,-215
-140,-60,-215
-140,-50,-215
-150,-40,-215
-150,-30,-215
-150,-20,-215
-150,-10,-215
-150,0,-215
-150,10,-215
-150,20,-215
-150,30,-215
-150,40,-215
-150,50,-215
-150,60,-215
-140,70,-215
-140,80,-215
-140,90,-215
-140,120,-215
-130,-100,-215
-130,120,-215
-120,-100,-215
-120,120,-215
-110,-90,-215
-110,110,-215
-100,-90,-215
-100,110,-215
-90,-80,-215
-90,100,-215
-80,-70,-215
-80,90,-215
-70,-70,-215
-70,90,-215
-60,-60,-215
-60,10,-215
-60,80,-215
-50,-60,-215
-50,10,-215
-50,80,-215
-40,-50,-215
-40,0,-215
-40,10,-215
-40,70,-215
-30,-40,-215
-30,0,-215
-30,20,-215
-30,60,-215
-20,-40,-215
-20,-30,-215
-20,0,-215
-20,20,-215
-20,50,-215
-20,60,-215
-10,-30,-215
-10,-20,-215
-10,-10,-215
-10,30,-215
-10,40,-215
-10,50,-215
0,-30,-215
0,-20,-215
0,30,-215
0,40,-215
0,50,-215
-200,-90,-225
-200,100,-225
-200,110,-225
-190,-100,-225
-190,-80,-225
-190,100,-225
-190,120,-225
-180,-100,-225
-180,-80,-225
-180,100,-225
-180,120,-225
-170,-100,-225
-170,-80,-225
-170,100,-225
-170,120,-225
-160,-100,-225
-160,-80,-225
-160,100,-225
-160,120,-225
-150,-110,-225
-150,-80,-225
-150,100,-225
-150,120,-225
-140,-110,-225
-140,-80,-225
-140,-50,-225
-150,-40,-225
-150,-30,-225
-150,-20,-225
-150,-10,-225
-150,0,-225
-150,10,-225
-150,20,-225
-150,30,-225
-150,40,-225
-150,50,-225
-140,60,-225
-140,100,-225
-140,120,-225
-130,-100,-225
-130,-80,-225
-130,-70,-225
-140,-60,-225
-140,70,-225
-140,80,-225
-130,90,-225
-130,100,-225
-130,120,-225
-120,-90,-225
-120,110,-225
-110,-80,-225
-110,100,-225
-100,-80,-225
-100,100,-225
-90,-70,-225
-90,90,-225
-80,-70,-225
-80,90,-225
-70,-60,-225
-70,10,-225
-70,80,-225
-60,-50,-225
-60,10,-225
-60,70,-225
-50,-50,-225
-50,0,-225
-50,20,-225
-50,70,-225
-40,-40,-225
-40,0,-225
-40,20,-225
-40,60,-225
-30,-30,-225
-30,-20,-225
-30,-10,-225
-30,30,-225
-30,40,-225
-30,50,-225
-20,-20,-225
-20,-10,-225
-20,30,-225
-20,40,-225
-190,-90,-235
-190,110,-235
-190,-100,-235
-180,-110,-235
-180,-90,-235
-180,110,-235
-190,120,-235
-180,130,-235
-170,-110,-235
-170,-90,-235
-170,110,-235
-170,130,-235
-160,-110,-235
-160,-90,-235
-160,110,-235
-160,130,-235
-150,-110,-235
-150,-90,-235
-150,110,-235
-150,130,-235
-140,-100,-235
-140,-90,-235
-140,-40,-235
-150,-30,-235
-150,-20,-235
-150,-10,-235
-150,0,-235
-150,10,-235
-150,20,-235
-150,30,-235
-150,40,-235
-150,50,-235
-140,60,-235
-140,110,-235
-140,120,-235
-130,-90,-235
-130,-70,-235
-140,-60,-235
-140,-50,-235
-140,70,-235
-140,80,-235
-130,90,-235
-130,110,-235
-120,-80,-235
-120,100,-235
-110,-80,-235
-110,90,-235
-100,-70,-235
-100,90,-235
-90,-60,-235
-90,10,-235
-90,80,-235
-80,-60,-235
-80,10,-235
-80,80,-235
-70,-50,-235
-70,0,-235
-70,20,-235
-70,70,-235
-60,-40,-235
-60,0,-235
-60,20,-235
-60,60,-235
-50,-40,-235
-50,-30,-235
-50,-10,-235
-50,20,-235
-50,50,-235
-50,60,-235
-40,-30,-235
-40,-20,-235
-40,-10,-235
-40,30,-235
-40,40,-235
-40,50,-235
-180,-100,-245
-180,120,-245
-170,-100,-245
-170,120,-245
-160,-100,-245
-160,120,-245
-150,-100,-245
-150,120,-245
-140,-40,-245
-150,-30,-245
-150,-20,-245
-150,-10,-245
-150,0,-245
-150,10,-245
-150,20,-245
-150,30,-245
-150,40,-245
-150,50,-245
-140,60,-245
-130,-70,-245
-140,-60,-245
-140,-50,-245
-140,70,-245
-140,80,-245
-130,90,-245
-120,-80,-245
-120,90,-245
-110,-70,-245
-110,90,-245
-100,-60,-245
-100,10,-245
-100,80,-245
-90,-60,-245
-90,10,-245
-90,70,-245
-80,-50,-245
-80,0,-245
-80,20,-245
-80,70,-245
-70,-40,-245
-70,0,-245
-70,20,-245
-70,60,-245
-60,-30,-245
-60,-20,-245
-60,-10,-245
-60,30,-245
-60,40,-245
-60,50,-245
-50,-20,-245
-50,30,-245
-50,40,-245
-140,-40,-255
-150,-30,-255
-150,-20,-255
-150,-10,-255
-150,0,-255
-150,10,-255
-150,20,-255
-150,30,-255
-150,40,-255
-150,50,-255
-140,60,-255
-130,-60,-255
-140,-50,-255
-140,70,-255
-130,80,-255
-120,-70,-255
-120,90,-255
-110,-60,-255
-110,10,-255
-110,80,-255
-100,-60,-255
-100,0,-255
-100,10,-255
-100,80,-255
-90,-50,-255
-90,0,-255
-90,20,-255
-90,70,-255
-80,-40,-255
-80,-10,-255
-80,30,-255
-80,50,-255
-80,60,-255
-70,-30,-255
-70,-20,-255
-70,-10,-255
-70,30,-255
-70,40,-255
-70,50,-255
-140,-40,-265
-150,-30,-265
-150,-20,-265
-150,-10,-265
-150,0,-265
-150,10,-265
-150,20,-265
-150,30,-265
-150,40,-265
-150,50,-265
-140,60,-265
-130,-60,-265
-140,-50,-265
-140,70,-265
-130,80,-265
-120,-60,-265
-120,10,-265
-120,80,-265
-110,-60,-265
-110,10,-265
-110,80,-265
-100,-50,-265
-100,0,-265
-100,20,-265
-100,60,-265
-100,70,-265
-90,-40,-265
-90,-30,-265
-90,-10,-265
-90,30,-265
-90,50,-265
-90,60,-265
-80,-30,-265
-80,-20,-265
-80,40,-265
-140,-40,-275
-150,-30,-275
-150,-20,-275
-150,-10,-275
-150,0,-275
-150,10,-275
-150,20,-275
-150,30,-275
-150,40,-275
-150,50,-275
-140,60,-275
-130,-60,-275
-140,-50,-275
-140,70,-275
-130,80,-275
-120,-60,-275
-120,10,-275
-120,80,-275
-110,-50,-275
-110,0,-275
-110,20,-275
-110,70,-275
-100,-40,-275
-100,-30,-275
-100,-10,-275
-100,30,-275
-100,50,-275
-100,60,-275
-90,-20,-275
-90,40,-275
-140,-40,-285
-150,-30,-285
-150,-20,-285
-150,-10,-285
-150,0,-285
-150,10,-285
-150,20,-285
-150,30,-285
-150,40,-285
-150,50,-285
-140,60,-285
-130,-50,-285
-130,70,-285
-120,-50,-285
-120,10,-285
-120,70,-285
-110,-40,-285
-110,-30,-285
-110,0,-285
-110,20,-285
-110,50,-285
-110,60,-285
-100,-20,-285
-100,-10,-285
-100,30,-285
-100,40,-285
-140,-40,-295
-150,-30,-295
-150,-20,-295
-150,-10,-295
-150,0,-295
-150,10,-295
-150,20,-295
-150,30,-295
-150,40,-295
-150,50,-295
-140,60,-295
-130,-50,-295
-130,10,-295
-130,70,-295
-120,-40,-295
-120,10,-295
-120,60,-295
-110,-30,-295
-110,-20,-295
-110,-10,-295
-110,0,-295
-110,20,-295
-110,30,-295
-110,40,-295
-110,50,-295
-150,-40,-305
-140,-50,-305
-150,-30,-305
-150,-20,-305
-150,-10,-305
-150,0,-305
-140,10,-305
-150,20,-305
-150,30,-305
-150,40,-305
-150,50,-305
-150,60,-305
-140,70,-305
-130,-40,-305
-130,-10,-305
-130,0,-305
-130,20,-305
-130,30,-305
-130,60,-305
-120,-30,-305
-120,-20,-305
-120,-10,-305
-120,0,-305
-120,20,-305
-120,30,-305
-120,40,-305
-120,50,-305
-140,-40,-315
-140,-30,-315
-140,-20,-315
-140,-10,-315
-140,0,-315
-140,20,-315
-140,30,-315
-140,40,-315
-140,50,-315
-140,60,-315
-130,-30,-315
-130,-20,-315
-130,40,-315
-130,50,-315
